Artist,Genre,Artist_uri,Artist_id,Followers
Norah Jones,jazz,spotify:artist:2Kx7MNY7cI1ENniW7vT30N,2Kx7MNY7cI1ENniW7vT30N,1668397
Louis Armstrong,jazz,spotify:artist:19eLuQmk9aCobbVDHc6eek,19eLuQmk9aCobbVDHc6eek,1589432
Miles Davis,jazz,spotify:artist:0kbYTNQb4Pb1rPbbaF0pT4,0kbYTNQb4Pb1rPbbaF0pT4,1427410
Ray Charles,jazz,spotify:artist:1eYhYunlNJlDoQhtYBvPsi,1eYhYunlNJlDoQhtYBvPsi,1275839
Nina Simone,jazz,spotify:artist:7G1GBhoKtEPnP86X2PvEYO,7G1GBhoKtEPnP86X2PvEYO,1209102
Ella Fitzgerald,jazz,spotify:artist:5V0MlUE1Bft0mbLlND7FJz,5V0MlUE1Bft0mbLlND7FJz,1196715
Billie Holiday,jazz,spotify:artist:1YzCsTRb22dQkh9lghPIrp,1YzCsTRb22dQkh9lghPIrp,930289
Nat King Cole,jazz,spotify:artist:7v4imS0moSyGdXyLgVTIV7,7v4imS0moSyGdXyLgVTIV7,877297
John Coltrane,jazz,spotify:artist:2hGh5VOeeqimQFxqXvfCUf,2hGh5VOeeqimQFxqXvfCUf,835969
Etta James,jazz,spotify:artist:0iOVhN3tnSvgDbcg25JoJb,0iOVhN3tnSvgDbcg25JoJb,762823
Dean Martin,jazz,spotify:artist:49e4v89VmlDcFCMyDv9wQ9,49e4v89VmlDcFCMyDv9wQ9,548469
Diana Krall,jazz,spotify:artist:5z1VAFwT35EVvCp1XlZZuL,5z1VAFwT35EVvCp1XlZZuL,530345
Duke Ellington,jazz,spotify:artist:4F7Q5NV6h5TSwCainz8S5A,4F7Q5NV6h5TSwCainz8S5A,451042
Chet Baker,jazz,spotify:artist:3rxeQlsv0Sc2nyYaZ5W71T,3rxeQlsv0Sc2nyYaZ5W71T,383872
Tony Bennett,jazz,spotify:artist:2lolQgalUvZDfp5vvVtTYV,2lolQgalUvZDfp5vvVtTYV,369401
Roberta Flack,jazz,spotify:artist:0W498bDDNlJIrYMKXdpLHA,0W498bDDNlJIrYMKXdpLHA,333665
Melody Gardot,jazz,spotify:artist:2P1puQXmG48EVLBrHbum1J,2P1puQXmG48EVLBrHbum1J,320306
Jamie Cullum,jazz,spotify:artist:3XxxEq6BREC57nCWXbQZ7o,3XxxEq6BREC57nCWXbQZ7o,309154
Herbie Hancock,jazz,spotify:artist:2ZvrvbQNrHKwjT7qfGFFUW,2ZvrvbQNrHKwjT7qfGFFUW,305741
Thelonious Monk,jazz,spotify:artist:4PDpGtF16XpqvXxsrFwQnN,4PDpGtF16XpqvXxsrFwQnN,302122
Sarah Vaughan,jazz,spotify:artist:1bgyxtWjZwA5PQlDsvs9b8,1bgyxtWjZwA5PQlDsvs9b8,292588
Gregory Porter,jazz,spotify:artist:06nevPmNVfWUXyZkccahL8,06nevPmNVfWUXyZkccahL8,290826
Charlie Parker,jazz,spotify:artist:4Ww5mwS7BWYjoZTUIrMHfC,4Ww5mwS7BWYjoZTUIrMHfC,285022
Bill Evans,jazz,spotify:artist:4jXfFzeP66Zy67HM2mvIIF,4jXfFzeP66Zy67HM2mvIIF,259292
Dizzy Gillespie,jazz,spotify:artist:5RzjqfPS0Bu4bUMkyNNDpn,5RzjqfPS0Bu4bUMkyNNDpn,230842
The Platters,jazz,spotify:artist:6KWcxMWVNVIYbdOQyJtsSy,6KWcxMWVNVIYbdOQyJtsSy,223046
Natalie Cole,jazz,spotify:artist:5tTsrGPwQRWUsHR2Xf7Ke9,5tTsrGPwQRWUsHR2Xf7Ke9,221408
Donny Hathaway,jazz,spotify:artist:0HU0U9kdXEHZVxUNbuQe8S,0HU0U9kdXEHZVxUNbuQe8S,214011
Joo Gilberto,jazz,spotify:artist:77ZUbcdoU5KCPHNUl8bgQy,77ZUbcdoU5KCPHNUl8bgQy,211145
Madeleine Peyroux,jazz,spotify:artist:7nXyULtoL8k7wP9l6kg8Ef,7nXyULtoL8k7wP9l6kg8Ef,208895
Glenn Miller,jazz,spotify:artist:2aAHdB5HweT3mFcRzm0swc,2aAHdB5HweT3mFcRzm0swc,206829
Esperanza Spalding,jazz,spotify:artist:5bepW5vcdRzheNc0F8lHJ5,5bepW5vcdRzheNc0F8lHJ5,199947
Sammy Davis Jr.,jazz,spotify:artist:1NAWG3AngjBXyKbmPaz92D,1NAWG3AngjBXyKbmPaz92D,197934
Dinah Washington,jazz,spotify:artist:32LHRiof0sa4taYew9i3Fa,32LHRiof0sa4taYew9i3Fa,187768
"Harry Connick, Jr.",jazz,spotify:artist:6u17YlWtW4oqFF5Hn9UU79,6u17YlWtW4oqFF5Hn9UU79,186156
Pink Martini,jazz,spotify:artist:6KyUat70qaniuiZq63HzFZ,6KyUat70qaniuiZq63HzFZ,185777
Count Basie,jazz,spotify:artist:2jFZlvIea42ZvcCw4OeEdA,2jFZlvIea42ZvcCw4OeEdA,184032
Stan Getz,jazz,spotify:artist:0FMucZsEnCxs5pqBjHjIc8,0FMucZsEnCxs5pqBjHjIc8,176468
Benny Goodman,jazz,spotify:artist:1pBuKaLHJlIlqYxQQaflve,1pBuKaLHJlIlqYxQQaflve,170845
Bobby Darin,jazz,spotify:artist:0EodhzA6yW1bIdD5B4tcmJ,0EodhzA6yW1bIdD5B4tcmJ,169629
Peggy Lee,jazz,spotify:artist:602DnpaSXJB4b9DZrvxbDc,602DnpaSXJB4b9DZrvxbDc,167053
Al Jarreau,jazz,spotify:artist:3YR92OLKlvkK5oKNekSqXe,3YR92OLKlvkK5oKNekSqXe,158766
Andy Williams,jazz,spotify:artist:4sj6D0zlMOl25nprDJBiU9,4sj6D0zlMOl25nprDJBiU9,156030
Sonny Rollins,jazz,spotify:artist:1VEzN9lxvG6KPR3QQGsebR,1VEzN9lxvG6KPR3QQGsebR,152501
Sharon Jones & The Dap-Kings,jazz,spotify:artist:6LufpoVlIYKQCu9Gjpk8B7,6LufpoVlIYKQCu9Gjpk8B7,148194
Doris Day,jazz,spotify:artist:3ESG6pj6a0LvUKklENalT6,3ESG6pj6a0LvUKklENalT6,140580
Keith Jarrett,jazz,spotify:artist:0F3Aew9DSd6fb6192K1K0Y,0F3Aew9DSd6fb6192K1K0Y,134150
Perry Como,jazz,spotify:artist:5v8jlSmAQfrkTjAlpUfWtu,5v8jlSmAQfrkTjAlpUfWtu,133310
Johnny Mathis,jazz,spotify:artist:21LGsW7bziR4Ledx7WZ1Wf,21LGsW7bziR4Ledx7WZ1Wf,120933
Stacey Kent,jazz,spotify:artist:03EYBMnqSchCMp5D9qmFXi,03EYBMnqSchCMp5D9qmFXi,119772
Wynton Marsalis,jazz,spotify:artist:375zxMmh2cSgUzFFnva0O7,375zxMmh2cSgUzFFnva0O7,115635
Solomon Burke,jazz,spotify:artist:4nts0oxMT67lVUoi5Kjxrb,4nts0oxMT67lVUoi5Kjxrb,104736
Julie London,jazz,spotify:artist:3qUMmh5biaB5hqpF4LqS3m,3qUMmh5biaB5hqpF4LqS3m,101967
Oscar Peterson,jazz,spotify:artist:6zkX5fhrSD4tdVOmimR9wB,6zkX5fhrSD4tdVOmimR9wB,94182
Cannonball Adderley,jazz,spotify:artist:5v74mT11KGJqadf9sLw4dA,5v74mT11KGJqadf9sLw4dA,90798
Dexter Gordon,jazz,spotify:artist:3NUsiT2JSyaWAnWaXxDzhQ,3NUsiT2JSyaWAnWaXxDzhQ,90570
Astrud Gilberto,jazz,spotify:artist:5rX2c1zow6hCph8PnnU3kF,5rX2c1zow6hCph8PnnU3kF,88283
Brad Mehldau,jazz,spotify:artist:2vI9KFm0fwSfPrpEgOeIbq,2vI9KFm0fwSfPrpEgOeIbq,87496
Wayne Shorter,jazz,spotify:artist:0ZqhrTXYPA9DZR527ZnFdO,0ZqhrTXYPA9DZR527ZnFdO,87098
Judy Garland,jazz,spotify:artist:0hItVPjwJLVZrFqOyIsxPf,0hItVPjwJLVZrFqOyIsxPf,86572
The Ink Spots,jazz,spotify:artist:5bOsFzuJ6QZMr86ezC4oXY,5bOsFzuJ6QZMr86ezC4oXY,81612
Leslie Odom Jr.,jazz,spotify:artist:3cR4rhS2hBWqI7rJEBacvN,3cR4rhS2hBWqI7rJEBacvN,81512
Louis Prima,jazz,spotify:artist:52lBOxCxbJg0ttXEW9CQpW,52lBOxCxbJg0ttXEW9CQpW,74618
The Andrews Sisters,jazz,spotify:artist:2NCGI6dLTxLdI9XHdv7QfM,2NCGI6dLTxLdI9XHdv7QfM,74085
Bill Evans Trio,jazz,spotify:artist:3VEG6gxFIMfl4Cdog26avS,3VEG6gxFIMfl4Cdog26avS,72869
Henry Mancini,jazz,spotify:artist:2EExdpjU4SK3xnJHO5paJf,2EExdpjU4SK3xnJHO5paJf,70711
Art Tatum,jazz,spotify:artist:3DtSOCXYU6o4EV0K1NgIKq,3DtSOCXYU6o4EV0K1NgIKq,70649
Nancy Wilson,jazz,spotify:artist:2JfVCMa3FlvQRlLT5uH9zb,2JfVCMa3FlvQRlLT5uH9zb,70309
Mel Torm,jazz,spotify:artist:4X8QFzZ1HqwPfwDfyjtwXC,4X8QFzZ1HqwPfwDfyjtwXC,65551
Oscar Peterson Trio,jazz,spotify:artist:0ldU0QJm31y0d6f57R1G2A,0ldU0QJm31y0d6f57R1G2A,64673
Coleman Hawkins,jazz,spotify:artist:0JM134st8VY7Ld9T2wQiH0,0JM134st8VY7Ld9T2wQiH0,63905
Esbjrn Svensson Trio,jazz,spotify:artist:3HJzLaMbS0jMabxS3wttGk,3HJzLaMbS0jMabxS3wttGk,62088
Nat King Cole Trio,jazz,spotify:artist:3OpnoUqoRIHWbsFs4Nw0NQ,3OpnoUqoRIHWbsFs4Nw0NQ,59030
Eartha Kitt,jazz,spotify:artist:1AwO9pWEBSBoWdEZu28XDC,1AwO9pWEBSBoWdEZu28XDC,58502
Rosemary Clooney,jazz,spotify:artist:0NkyXWGxE3WTFixDSJ39PK,0NkyXWGxE3WTFixDSJ39PK,58071
Michael Franks,jazz,spotify:artist:0AVE7rDx4X9w0pW1XlN1om,0AVE7rDx4X9w0pW1XlN1om,56150
Lee Morgan,jazz,spotify:artist:38C3okxv3fyyOIQUVPCdGX,38C3okxv3fyyOIQUVPCdGX,54407
Horace Silver,jazz,spotify:artist:5ZATfKurLqflrBhv2FLht5,5ZATfKurLqflrBhv2FLht5,47479
Paul Desmond,jazz,spotify:artist:68l2i6GeNtwQlhKS59u5bu,68l2i6GeNtwQlhKS59u5bu,47432
Blossom Dearie,jazz,spotify:artist:5bWApG9Vdshhd1J50UnNf6,5bWApG9Vdshhd1J50UnNf6,45531
Gerry Mulligan,jazz,spotify:artist:6l40OFJhuTbHQ9V12evc9K,6l40OFJhuTbHQ9V12evc9K,40125
Anita O'Day,jazz,spotify:artist:5QGnprJtpZmk3OiDqspPlB,5QGnprJtpZmk3OiDqspPlB,38949
Ben Webster,jazz,spotify:artist:34W7ZCX0LZeJd8q6boKGOk,34W7ZCX0LZeJd8q6boKGOk,38903
Ccile McLorin Salvant,jazz,spotify:artist:6PkSULcbxFKkxdgrmPGAvn,6PkSULcbxFKkxdgrmPGAvn,37584
The Manhattan Transfer,jazz,spotify:artist:2dogRElUKV20C2khRHqjRc,2dogRElUKV20C2khRHqjRc,31084
Emilie-Claire Barlow,jazz,spotify:artist:4doI7TR51c6DTaveTwpIkg,4doI7TR51c6DTaveTwpIkg,28387
Vic Damone,jazz,spotify:artist:4seoDLqmOLUf59y72WJP7g,4seoDLqmOLUf59y72WJP7g,26844
Johnny Hartman,jazz,spotify:artist:7qVvIFc9DktkAc0HKzRhNo,7qVvIFc9DktkAc0HKzRhNo,26715
Nils Landgren,jazz,spotify:artist:6B3ZWSop1mrJd71rwFozVP,6B3ZWSop1mrJd71rwFozVP,22061
Jerry Vale,jazz,spotify:artist:5MaJrqhwysKwbvDePyAS6l,5MaJrqhwysKwbvDePyAS6l,21340
Steve Tyrell,jazz,spotify:artist:2UPnuV7os71xTZTyyEgj1B,2UPnuV7os71xTZTyyEgj1B,20982
Kay Starr,jazz,spotify:artist:7rpf45DdbpweG51Acze45i,7rpf45DdbpweG51Acze45i,16846
Red Garland,jazz,spotify:artist:35iymrFS4VnsKn35ebHKX9,35iymrFS4VnsKn35ebHKX9,15808
Gene Ammons,jazz,spotify:artist:338mC0yGyX0C9of8QMJ5hK,338mC0yGyX0C9of8QMJ5hK,14638
Scott Hamilton,jazz,spotify:artist:7sBx432MZn1MzHeYHAA5qr,7sBx432MZn1MzHeYHAA5qr,14544
Teddy Wilson,jazz,spotify:artist:0tg5uVI4VjzZOFzBryJZii,0tg5uVI4VjzZOFzBryJZii,13343
Zoot Sims,jazz,spotify:artist:1pwr5rTWLVfqhvHfB7Reap,1pwr5rTWLVfqhvHfB7Reap,10779
Susannah McCorkle,jazz,spotify:artist:0YmFjtGsr6KUo2XJOR9RSu,0YmFjtGsr6KUo2XJOR9RSu,8885
Enrico Pieranunzi,jazz,spotify:artist:5vACdMa2kY7jHnlJwqYRKP,5vACdMa2kY7jHnlJwqYRKP,8758
Dena DeRose,jazz,spotify:artist:2Ror5pi9KTS40JRNzcWxj3,2Ror5pi9KTS40JRNzcWxj3,2558
Drake,hip hop,spotify:artist:3TVXtAsR1Inumwj472S9r4,3TVXtAsR1Inumwj472S9r4,29459035
Eminem,hip hop,spotify:artist:7dGJo4pcD2V6oG8kP0tJRR,7dGJo4pcD2V6oG8kP0tJRR,22047576
Kendrick Lamar,hip hop,spotify:artist:2YZyLoL8N0Wb9xBt1NhZWg,2YZyLoL8N0Wb9xBt1NhZWg,11280465
Daddy Yankee,hip hop,spotify:artist:4VMYDCV2IEDYJArk749S6m,4VMYDCV2IEDYJArk749S6m,9523829
Nicky Jam,hip hop,spotify:artist:1SupJlEpv7RS2tPNRaHViT,1SupJlEpv7RS2tPNRaHViT,8185770
Wiz Khalifa,hip hop,spotify:artist:137W8MRPWKqSmrBGDBFSop,137W8MRPWKqSmrBGDBFSop,7522377
Future,hip hop,spotify:artist:1RyvyyTE3xzB2ZywiAwp0i,1RyvyyTE3xzB2ZywiAwp0i,7370438
Lil Wayne,hip hop,spotify:artist:55Aa2cqylxrFIXC767Z865,55Aa2cqylxrFIXC767Z865,6878403
J. Cole,hip hop,spotify:artist:6l3HvQ5sa6mXTsMTB19rO5,6l3HvQ5sa6mXTsMTB19rO5,6762883
Big Sean,hip hop,spotify:artist:0c173mlxpT3dSFRgMO8XPh,0c173mlxpT3dSFRgMO8XPh,5298380
21 Savage,hip hop,spotify:artist:1URnnhqYAYcrqrcwql10ft,1URnnhqYAYcrqrcwql10ft,5143708
Farruko,hip hop,spotify:artist:329e4yvIujISKGKz1BZZbO,329e4yvIujISKGKz1BZZbO,4698207
50 Cent,hip hop,spotify:artist:3q7HBObVc0L8jNeTe5Gofh,3q7HBObVc0L8jNeTe5Gofh,4669572
A$AP Rocky,hip hop,spotify:artist:13ubrt8QOOCPljQ2FL1Kca,13ubrt8QOOCPljQ2FL1Kca,4643923
Lil Yachty,hip hop,spotify:artist:6icQOAFXDZKsumw3YXyusw,6icQOAFXDZKsumw3YXyusw,4333519
JAY Z,hip hop,spotify:artist:3nFkdlSjzX9mRTtwJOzDYB,3nFkdlSjzX9mRTtwJOzDYB,4279217
Rae Sremmurd,hip hop,spotify:artist:7iZtZyCzp3LItcw1wtPI3D,7iZtZyCzp3LItcw1wtPI3D,4197355
Tyga,hip hop,spotify:artist:5LHRHt1k9lMyONurDHEdrp,5LHRHt1k9lMyONurDHEdrp,4118624
Childish Gambino,hip hop,spotify:artist:73sIBHcqh3Z3NyqHKZ7FOL,73sIBHcqh3Z3NyqHKZ7FOL,4075421
Snoop Dogg,hip hop,spotify:artist:7hJcb9fa4alzcOq3EaNPoG,7hJcb9fa4alzcOq3EaNPoG,3908072
Frank Ocean,hip hop,spotify:artist:2h93pZq0e7k5yf4dywlkpM,2h93pZq0e7k5yf4dywlkpM,3858917
2 Chainz,hip hop,spotify:artist:17lzZA2AlOHwCwFALHttmp,17lzZA2AlOHwCwFALHttmp,3696988
Chance the Rapper,hip hop,spotify:artist:1anyVhU62p31KFi8MEzkbf,1anyVhU62p31KFi8MEzkbf,3671526
Gorillaz,hip hop,spotify:artist:3AA28KZvwAUcZuOKwyblJQ,3AA28KZvwAUcZuOKwyblJQ,3637117
G-Eazy,hip hop,spotify:artist:02kJSzxNuaWGqwubyUba0Z,02kJSzxNuaWGqwubyUba0Z,3551790
Young Thug,hip hop,spotify:artist:50co4Is1HCEo8bhOyUWKpn,50co4Is1HCEo8bhOyUWKpn,3499296
DJ Khaled,hip hop,spotify:artist:0QHgL1lAIqAw0HtD7YldmP,0QHgL1lAIqAw0HtD7YldmP,3256716
Fetty Wap,hip hop,spotify:artist:6PXS4YHDkKvl1wkIl4V8DL,6PXS4YHDkKvl1wkIl4V8DL,3225607
The Notorious B.I.G.,hip hop,spotify:artist:5me0Irg2ANcsgc93uaYrpb,5me0Irg2ANcsgc93uaYrpb,3224049
Arcangel,hip hop,spotify:artist:4SsVbpTthjScTS7U2hmr1X,4SsVbpTthjScTS7U2hmr1X,3162168
Logic,hip hop,spotify:artist:4xRYI6VqpkE3UwrDrAZL8L,4xRYI6VqpkE3UwrDrAZL8L,3098430
Bryson Tiller,hip hop,spotify:artist:2EMAnMvWE2eb56ToJVfCWs,2EMAnMvWE2eb56ToJVfCWs,3032194
Jeremih,hip hop,spotify:artist:3KV3p5EY4AvKxOlhGHORLg,3KV3p5EY4AvKxOlhGHORLg,2863913
Mac Miller,hip hop,spotify:artist:4LLpKhyESsyAXpc4laK94U,4LLpKhyESsyAXpc4laK94U,2792068
Kid Cudi,hip hop,spotify:artist:0fA0VVWsXO9YnASrzqfmYu,0fA0VVWsXO9YnASrzqfmYu,2737828
T.I.,hip hop,spotify:artist:4OBJLual30L7gRl5UkeRcT,4OBJLual30L7gRl5UkeRcT,2595823
Rick Ross,hip hop,spotify:artist:1sBkRIssrMs1AbVkOJbc7a,1sBkRIssrMs1AbVkOJbc7a,2561650
Meek Mill,hip hop,spotify:artist:20sxb77xiYeusSH8cVdatc,20sxb77xiYeusSH8cVdatc,2417943
"Tyler, The Creator",hip hop,spotify:artist:4V8LLVI7PbaPR0K2TGSxFF,4V8LLVI7PbaPR0K2TGSxFF,2333481
Gucci Mane,hip hop,spotify:artist:13y7CgLHjMVRMDqxdx0Xdo,13y7CgLHjMVRMDqxdx0Xdo,2297899
Ty Dolla $ign,hip hop,spotify:artist:7c0XG5cIJTrrAgEC3ULPiq,7c0XG5cIJTrrAgEC3ULPiq,2221377
French Montana,hip hop,spotify:artist:6vXTefBL93Dj5IqAWq6OTv,6vXTefBL93Dj5IqAWq6OTv,2191789
SZA,hip hop,spotify:artist:7tYKF4w9nC0nq9CsPZTHyP,7tYKF4w9nC0nq9CsPZTHyP,2159856
ScHoolboy Q,hip hop,spotify:artist:5IcR3N7QB1j6KBL8eImZ8m,5IcR3N7QB1j6KBL8eImZ8m,2145598
A Boogie Wit da Hoodie,hip hop,spotify:artist:31W5EY0aAly4Qieq6OFu6I,31W5EY0aAly4Qieq6OFu6I,2115715
Yo Gotti,hip hop,spotify:artist:6Ha4aES39QiVjR0L2lwuwq,6Ha4aES39QiVjR0L2lwuwq,2101919
Kevin Gates,hip hop,spotify:artist:1gPhS1zisyXr5dHTYZyiMe,1gPhS1zisyXr5dHTYZyiMe,2015467
Playboi Carti,hip hop,spotify:artist:699OTQXzgjhIYAHMy9RyPD,699OTQXzgjhIYAHMy9RyPD,1846114
Tory Lanez,hip hop,spotify:artist:2jku7tDXc6XoB6MO2hFuqg,2jku7tDXc6XoB6MO2hFuqg,1820604
Russ,hip hop,spotify:artist:1z7b1Pr1rSlvWRzsW3HOrS,1z7b1Pr1rSlvWRzsW3HOrS,1820267
T-Pain,hip hop,spotify:artist:3aQeKQSyrW4qWr35idm0cy,3aQeKQSyrW4qWr35idm0cy,1751291
Lil Peep,hip hop,spotify:artist:2kCcBybjl3SAtIcwdWpUe3,2kCcBybjl3SAtIcwdWpUe3,1638605
A$AP Ferg,hip hop,spotify:artist:5dHt1vcEm9qb8fCyLcB3HL,5dHt1vcEm9qb8fCyLcB3HL,1628733
Lil Xan,hip hop,spotify:artist:3EXdLajEO02ziZ90P90bSW,3EXdLajEO02ziZ90P90bSW,1583584
PnB Rock,hip hop,spotify:artist:21WS9wngs9AqFckK7yYJPM,21WS9wngs9AqFckK7yYJPM,1552154
Juicy J,hip hop,spotify:artist:5gCRApTajqwbnHHPbr2Fpi,5gCRApTajqwbnHHPbr2Fpi,1530337
Ludacris,hip hop,spotify:artist:3ipn9JLAPI5GUEo4y4jcoi,3ipn9JLAPI5GUEo4y4jcoi,1511037
Ski Mask The Slump God,hip hop,spotify:artist:2rhFzFmezpnW82MNqEKVry,2rhFzFmezpnW82MNqEKVry,1457933
YG,hip hop,spotify:artist:0A0FS04o6zMoto8OKPsDwY,0A0FS04o6zMoto8OKPsDwY,1413737
Chief Keef,hip hop,spotify:artist:15iVAtD3s3FsQR4w1v6M0P,15iVAtD3s3FsQR4w1v6M0P,1397103
NF,hip hop,spotify:artist:6fOMl44jA4Sp5b9PpYCkzz,6fOMl44jA4Sp5b9PpYCkzz,1384922
Machine Gun Kelly,hip hop,spotify:artist:6TIYQ3jFPwQSRmorSezPxX,6TIYQ3jFPwQSRmorSezPxX,1285369
Rich The Kid,hip hop,spotify:artist:1pPmIToKXyGdsCF6LmqLmI,1pPmIToKXyGdsCF6LmqLmI,1253578
Famous Dex,hip hop,spotify:artist:0WOxhx4hikIsyF3CRPLC8W,0WOxhx4hikIsyF3CRPLC8W,1219270
6LACK,hip hop,spotify:artist:4IVAbR2w4JJNJDDRFP3E83,4IVAbR2w4JJNJDDRFP3E83,1219155
Smokepurpp,hip hop,spotify:artist:21dooacK2WGBB5amYvKyfM,21dooacK2WGBB5amYvKyfM,1198996
Joey Bada$$,hip hop,spotify:artist:2P5sC9cVZDToPxyomzF1UH,2P5sC9cVZDToPxyomzF1UH,1185877
Jeezy,hip hop,spotify:artist:4yBK75WVCQXej1p04GWqxH,4yBK75WVCQXej1p04GWqxH,1122410
$uicideBoy$,hip hop,spotify:artist:1VPmR4DJC1PlOtd0IADAO0,1VPmR4DJC1PlOtd0IADAO0,1117010
Tech N9ne,hip hop,spotify:artist:6UBA15slIuadJ8h2lPRPos,6UBA15slIuadJ8h2lPRPos,1108283
Pusha T,hip hop,spotify:artist:0ONHkAv9pCAFxb0zJwDNTy,0ONHkAv9pCAFxb0zJwDNTy,1051853
NAV,hip hop,spotify:artist:7rkW85dBwwrJtlHRDkJDAC,7rkW85dBwwrJtlHRDkJDAC,1047938
Tee Grizzley,hip hop,spotify:artist:6AUl0ykLLpvTktob97x9hO,6AUl0ykLLpvTktob97x9hO,1015841
Lil Dicky,hip hop,spotify:artist:1tqhsYv8yBBdwANFNzHtcr,1tqhsYv8yBBdwANFNzHtcr,1013335
Metro Boomin,hip hop,spotify:artist:0iEtIxbK0KxaSlF7G42ZOp,0iEtIxbK0KxaSlF7G42ZOp,921110
Rich Brian,hip hop,spotify:artist:2IDLDx25HU1nQMKde4n61a,2IDLDx25HU1nQMKde4n61a,919077
Lil Durk,hip hop,spotify:artist:3hcs9uc56yIGFCSy9leWe7,3hcs9uc56yIGFCSy9leWe7,852260
Young Dolph,hip hop,spotify:artist:3HiuzBlSW7pGDXlSFMhO2g,3HiuzBlSW7pGDXlSFMhO2g,814298
Anderson .Paak,hip hop,spotify:artist:3jK9MiCrA42lLAdMGUZpwa,3jK9MiCrA42lLAdMGUZpwa,807076
Vince Staples,hip hop,spotify:artist:68kEuyFKyqrdQQLLsmiatm,68kEuyFKyqrdQQLLsmiatm,717223
Mike WiLL Made-It,hip hop,spotify:artist:0NWbwDZY1VkRqFafuQm6wk,0NWbwDZY1VkRqFafuQm6wk,708380
Amin,hip hop,spotify:artist:3Gm5F95VdRxW3mqCn8RPBJ,3Gm5F95VdRxW3mqCn8RPBJ,703382
KYLE,hip hop,spotify:artist:4qBgvVog0wzW75IQ48mU7v,4qBgvVog0wzW75IQ48mU7v,647909
Moneybagg Yo,hip hop,spotify:artist:3tJoFztHeIJkJWMrx0td2f,3tJoFztHeIJkJWMrx0td2f,634047
MadeinTYO,hip hop,spotify:artist:5SyGEPymt1G2uto47tVWvZ,5SyGEPymt1G2uto47tVWvZ,621517
BROCKHAMPTON,hip hop,spotify:artist:1Bl6wpkWCQ4KVgnASpvzzA,1Bl6wpkWCQ4KVgnASpvzzA,617713
Jaden Smith,hip hop,spotify:artist:0xOeVMOz2fVg5BJY3N6akT,0xOeVMOz2fVg5BJY3N6akT,570564
BlocBoy JB,hip hop,spotify:artist:4TEJudQY2pXxVHPE3gD2EU,4TEJudQY2pXxVHPE3gD2EU,521604
Joyner Lucas,hip hop,spotify:artist:6C1ohJrd5VydigQtaGy5Wa,6C1ohJrd5VydigQtaGy5Wa,512730
Jay Rock,hip hop,spotify:artist:28ExwzUQsvgJooOI0X1mr3,28ExwzUQsvgJooOI0X1mr3,446347
Gunna,hip hop,spotify:artist:2hlmm7s2ICUX0LVIhVFlZQ,2hlmm7s2ICUX0LVIhVFlZQ,380429
Phora,hip hop,spotify:artist:5XDJlfdfbGNJrOJJNxTcdq,5XDJlfdfbGNJrOJJNxTcdq,375404
WizKid,hip hop,spotify:artist:3tVQdUvClmAT7URs9V3rsp,3tVQdUvClmAT7URs9V3rsp,197702
Takeoff,hip hop,spotify:artist:3EW0kQ1skZiK1NHg3Spt9J,3EW0kQ1skZiK1NHg3Spt9J,195758
Darell,hip hop,spotify:artist:1TtXnWcUs0FCkaZDPGYHdf,1TtXnWcUs0FCkaZDPGYHdf,193775
Sheck Wes,hip hop,spotify:artist:2RDOrhPqAM4jzTRCEb19qX,2RDOrhPqAM4jzTRCEb19qX,177835
JID,hip hop,spotify:artist:6U3ybJ9UHNKEdsH7ktGBZ7,6U3ybJ9UHNKEdsH7ktGBZ7,175721
Shoreline Mafia,hip hop,spotify:artist:4tYSBptyGeVyZsk8JC4JHZ,4tYSBptyGeVyZsk8JC4JHZ,129017
Landon Cube,hip hop,spotify:artist:04ei5kNgmDuNAydFhhIHnD,04ei5kNgmDuNAydFhhIHnD,83869
Murda Beatz,hip hop,spotify:artist:3CbYyyd8wH3RT6t0jwpdzC,3CbYyyd8wH3RT6t0jwpdzC,54705
Imagine Dragons,rock,spotify:artist:53XhwfbYqKCa1cC15pYq2q,53XhwfbYqKCa1cC15pYq2q,14187350
Queen,rock,spotify:artist:1dfeR4HaWDbWqFHLkxsg1d,1dfeR4HaWDbWqFHLkxsg1d,10902654
Twenty One Pilots,rock,spotify:artist:3YQKmKGau1PzlVlkL1iodx,3YQKmKGau1PzlVlkL1iodx,10598401
The Beatles,rock,spotify:artist:3WrFJ7ztbogyGnTHbHJFl2,3WrFJ7ztbogyGnTHbHJFl2,10100249
Guns N' Roses,rock,spotify:artist:3qm84nBOXUEQ2vnTfUTTFC,3qm84nBOXUEQ2vnTfUTTFC,9704621
AC/DC,rock,spotify:artist:711MCceyCBcFnzjGY4Q7Un,711MCceyCBcFnzjGY4Q7Un,9233257
Red Hot Chili Peppers,rock,spotify:artist:0L8ExT028jH3ddEcZwqJJ5,0L8ExT028jH3ddEcZwqJJ5,8990279
Metallica,rock,spotify:artist:2ye2Wgw4gimLv2eAKyk1NB,2ye2Wgw4gimLv2eAKyk1NB,8756782
Nirvana,rock,spotify:artist:6olE6TJLqED3rqDCT0FyPh,6olE6TJLqED3rqDCT0FyPh,7665527
Pink Floyd,rock,spotify:artist:0k17h0D3J5VfsdmQ1iZtE9,0k17h0D3J5VfsdmQ1iZtE9,7547168
Arctic Monkeys,rock,spotify:artist:7Ln80lUS6He07XvHI8qqHH,7Ln80lUS6He07XvHI8qqHH,6917967
OneRepublic,rock,spotify:artist:5Pwc4xIPtQLFEnJriah9YJ,5Pwc4xIPtQLFEnJriah9YJ,6192290
Led Zeppelin,rock,spotify:artist:36QJpDe2go2KgaRleHCDTp,36QJpDe2go2KgaRleHCDTp,6083757
The Rolling Stones,rock,spotify:artist:22bE4uQ6baNwSHPVcDxLCe,22bE4uQ6baNwSHPVcDxLCe,5770176
Fall Out Boy,rock,spotify:artist:4UXqAaa6dQYAk18Lv7PEgX,4UXqAaa6dQYAk18Lv7PEgX,5518134
Aerosmith,rock,spotify:artist:7Ey4PD4MYsKc5I2dolUwbH,7Ey4PD4MYsKc5I2dolUwbH,5508824
Foo Fighters,rock,spotify:artist:7jy3rLJdDQY21OgRLCZ9sD,7jy3rLJdDQY21OgRLCZ9sD,5497863
Panic! At The Disco,rock,spotify:artist:20JZFwl6HVl6yg8a4H3ZqK,20JZFwl6HVl6yg8a4H3ZqK,5379724
Mumford & Sons,rock,spotify:artist:3gd8FJtBJtkRxdfbTu19U2,3gd8FJtBJtkRxdfbTu19U2,4690511
Bon Jovi,rock,spotify:artist:58lV9VcRSjABbAbfWS6skp,58lV9VcRSjABbAbfWS6skp,4580236
blink-182,rock,spotify:artist:6FBDaR13swtiWwGhX1WQsP,6FBDaR13swtiWwGhX1WQsP,4528932
System Of A Down,rock,spotify:artist:5eAWCfyUhZtHHtBdNk56l1,5eAWCfyUhZtHHtBdNk56l1,4396691
The Script,rock,spotify:artist:3AQRLZ9PuTAozP28Skbq8V,3AQRLZ9PuTAozP28Skbq8V,4374498
Muse,rock,spotify:artist:12Chz98pHFMPJEknJQMWvI,12Chz98pHFMPJEknJQMWvI,4312244
Kelly Clarkson,rock,spotify:artist:3BmGtnKgCSGYIUhmivXKWX,3BmGtnKgCSGYIUhmivXKWX,4139154
The Killers,rock,spotify:artist:0C0XlULifJtAgn6ZNCW2eu,0C0XlULifJtAgn6ZNCW2eu,4095142
Pearl Jam,rock,spotify:artist:1w5Kfo2jwwIPruYS2UWh56,1w5Kfo2jwwIPruYS2UWh56,4037727
U2,rock,spotify:artist:51Blml2LZPmy7TTiAg47vQ,51Blml2LZPmy7TTiAg47vQ,3904695
Jason Mraz,rock,spotify:artist:4phGZZrJZRo4ElhRtViYdl,4phGZZrJZRo4ElhRtViYdl,3703714
Radiohead,rock,spotify:artist:4Z8W4fKeB5YxbusRsdQVPb,4Z8W4fKeB5YxbusRsdQVPb,3660526
Kings of Leon,rock,spotify:artist:2qk9voo8llSGYcZ6xrBzKx,2qk9voo8llSGYcZ6xrBzKx,3571481
The Doors,rock,spotify:artist:22WZ7M8sxp5THdruNY3gXt,22WZ7M8sxp5THdruNY3gXt,3399230
David Bowie,rock,spotify:artist:0oSGxfWSnnOXhD2fKuz2Gy,0oSGxfWSnnOXhD2fKuz2Gy,3279104
John Mayer,rock,spotify:artist:0hEurMDQu99nJRq8pTxO14,0hEurMDQu99nJRq8pTxO14,3243065
Black Sabbath,rock,spotify:artist:5M52tdBnJaKSvOpJGz8mfZ,5M52tdBnJaKSvOpJGz8mfZ,3105176
Bastille,rock,spotify:artist:7EQ0qTo7fWT7DPxmxtSYEc,7EQ0qTo7fWT7DPxmxtSYEc,3019760
Bob Dylan,rock,spotify:artist:74ASZWbe4lXaubB36ztrGX,74ASZWbe4lXaubB36ztrGX,2848350
The Lumineers,rock,spotify:artist:16oZKvXb6WkQlVAjwo2Wbg,16oZKvXb6WkQlVAjwo2Wbg,2803088
Jimi Hendrix,rock,spotify:artist:776Uo845nYHJpNaStv1Ds4,776Uo845nYHJpNaStv1Ds4,2730744
Fleetwood Mac,rock,spotify:artist:08GQAI4eElDnROBrJRGE0X,08GQAI4eElDnROBrJRGE0X,2620676
The 1975,rock,spotify:artist:3mIj9lX2MWuHmhNCA7LSCW,3mIj9lX2MWuHmhNCA7LSCW,2609290
The Black Keys,rock,spotify:artist:7mnBLXK823vNxN3UWB7Gfz,7mnBLXK823vNxN3UWB7Gfz,2602658
Elvis Presley,rock,spotify:artist:43ZHCT0cAZBISjO8DG9PnE,43ZHCT0cAZBISjO8DG9PnE,2525142
The Neighbourhood,rock,spotify:artist:77SW9BnxLY8rJ0RciFqkHh,77SW9BnxLY8rJ0RciFqkHh,2475277
The Strokes,rock,spotify:artist:0epOFNiUfyON9EYx7Tpr6V,0epOFNiUfyON9EYx7Tpr6V,2455830
Foster The People,rock,spotify:artist:7gP3bB2nilZXLfPHJhMdvc,7gP3bB2nilZXLfPHJhMdvc,2338914
Florida Georgia Line,rock,spotify:artist:3b8QkneNDz4JHKKKlLgYZg,3b8QkneNDz4JHKKKlLgYZg,2290841
Eagles,rock,spotify:artist:0ECwFtbIWEVNwjlrfc6xoL,0ECwFtbIWEVNwjlrfc6xoL,2281225
Thomas Rhett,rock,spotify:artist:6x2LnllRG5uGarZMsD4iO8,6x2LnllRG5uGarZMsD4iO8,2234247
Creedence Clearwater Revival,rock,spotify:artist:3IYUhFvPQItj6xySrBmZkd,3IYUhFvPQItj6xySrBmZkd,2185424
The Police,rock,spotify:artist:5NGO30tJxFlKixkPSgXcFE,5NGO30tJxFlKixkPSgXcFE,2146091
Skillet,rock,spotify:artist:49bzE5vRBRIota4qeHtQM8,49bzE5vRBRIota4qeHtQM8,2140835
The Fray,rock,spotify:artist:0zOcE3mg9nS6l3yxt1Y0bK,0zOcE3mg9nS6l3yxt1Y0bK,2127030
Elton John,rock,spotify:artist:3PhoLpVuITZKcymswpck5b,3PhoLpVuITZKcymswpck5b,2076929
The Who,rock,spotify:artist:67ea9eGLXYMsO2eYQRui3w,67ea9eGLXYMsO2eYQRui3w,2071501
alt-J,rock,spotify:artist:3XHO7cRUPCLOr6jwp8vsx5,3XHO7cRUPCLOr6jwp8vsx5,2065749
Breaking Benjamin,rock,spotify:artist:5BtHciL0e0zOP7prIHn3pP,5BtHciL0e0zOP7prIHn3pP,2062848
Tame Impala,rock,spotify:artist:5INjqkS1o8h1imAzPqGZBb,5INjqkS1o8h1imAzPqGZBb,2062074
Van Halen,rock,spotify:artist:2cnMpRsOVqtPMfq7YiFE6K,2cnMpRsOVqtPMfq7YiFE6K,2054976
Paul McCartney,rock,spotify:artist:4STHEaNw4mPZ2tzheohgXB,4STHEaNw4mPZ2tzheohgXB,1875968
Bruce Springsteen,rock,spotify:artist:3eqjTLE0HfPfh78zjh6TqT,3eqjTLE0HfPfh78zjh6TqT,1819492
The Smashing Pumpkins,rock,spotify:artist:40Yq4vzPs9VNUrIBG5Jr2i,40Yq4vzPs9VNUrIBG5Jr2i,1757597
Eric Church,rock,spotify:artist:2IvkS5MXK0vPGnwyJsrEyV,2IvkS5MXK0vPGnwyJsrEyV,1748153
Journey,rock,spotify:artist:0rvjqX7ttXeg3mTy8Xscbt,0rvjqX7ttXeg3mTy8Xscbt,1715866
Lynyrd Skynyrd,rock,spotify:artist:4MVyzYMgTwdP7Z49wAZHx0,4MVyzYMgTwdP7Z49wAZHx0,1655339
Shinedown,rock,spotify:artist:70BYFdaZbEKbeauJ670ysI,70BYFdaZbEKbeauJ670ysI,1640048
Rascal Flatts,rock,spotify:artist:0a1gHP0HAqALbEyxaD5Ngn,0a1gHP0HAqALbEyxaD5Ngn,1636401
The Beach Boys,rock,spotify:artist:3oDbviiivRWhXwIE8hxkVV,3oDbviiivRWhXwIE8hxkVV,1629589
Incubus,rock,spotify:artist:3YcBF2ttyueytpXtEzn1Za,3YcBF2ttyueytpXtEzn1Za,1613257
Phil Collins,rock,spotify:artist:4lxfqrEsLX6N1N4OCSkILp,4lxfqrEsLX6N1N4OCSkILp,1555934
The White Stripes,rock,spotify:artist:4F84IBURUo98rz4r61KF70,4F84IBURUo98rz4r61KF70,1540310
Vance Joy,rock,spotify:artist:10exVja0key0uqUkk6LJRT,10exVja0key0uqUkk6LJRT,1436956
Weezer,rock,spotify:artist:3jOstUTkEu2JkjvRdBA5Gu,3jOstUTkEu2JkjvRdBA5Gu,1401380
Billy Joel,rock,spotify:artist:6zFYqv1mOsgBRQbae3JJ9e,6zFYqv1mOsgBRQbae3JJ9e,1354016
The Cranberries,rock,spotify:artist:7t0rwkOPGlDPEhaOcVtOt9,7t0rwkOPGlDPEhaOcVtOt9,1346888
MGMT,rock,spotify:artist:0SwO7SWeDHJijQ3XNS7xEE,0SwO7SWeDHJijQ3XNS7xEE,1308609
Cage The Elephant,rock,spotify:artist:26T3LtbuGT1Fu9m0eRq5X3,26T3LtbuGT1Fu9m0eRq5X3,1301587
X Ambassadors,rock,spotify:artist:3NPpFNZtSTHheNBaWC82rB,3NPpFNZtSTHheNBaWC82rB,1288843
Zac Brown Band,rock,spotify:artist:6yJCxee7QumYr820xdIsjo,6yJCxee7QumYr820xdIsjo,1252176
Electric Light Orchestra,rock,spotify:artist:7jefIIksOi1EazgRTfW2Pk,7jefIIksOi1EazgRTfW2Pk,1170831
WALK THE MOON,rock,spotify:artist:6DIS6PRrLS3wbnZsf7vYic,6DIS6PRrLS3wbnZsf7vYic,1107921
Santana,rock,spotify:artist:6GI52t8N5F02MxU0g5U69P,6GI52t8N5F02MxU0g5U69P,921809
Van Morrison,rock,spotify:artist:44NX2ffIYHr6D4n7RaZF7A,44NX2ffIYHr6D4n7RaZF7A,911993
Young the Giant,rock,spotify:artist:4j56EQDQu5XnL7R3E9iFJT,4j56EQDQu5XnL7R3E9iFJT,882991
Beck,rock,spotify:artist:3vbKDsSS70ZX9D2OcvbZmS,3vbKDsSS70ZX9D2OcvbZmS,829003
Toto,rock,spotify:artist:0PFtn5NtBbbUNbU9EAmIWF,0PFtn5NtBbbUNbU9EAmIWF,808310
Tom Petty and the Heartbreakers,rock,spotify:artist:4tX2TplrkIP4v05BNC903e,4tX2TplrkIP4v05BNC903e,790113
Tom Petty,rock,spotify:artist:2UZMlIwnkgAEDBsw1Rejkn,2UZMlIwnkgAEDBsw1Rejkn,700586
Daryl Hall & John Oates,rock,spotify:artist:77tT1kLj6mCWtFNqiOmP9H,77tT1kLj6mCWtFNqiOmP9H,647353
Steely Dan,rock,spotify:artist:6P7H3ai06vU1sGvdpBwDmE,6P7H3ai06vU1sGvdpBwDmE,640851
Grateful Dead,rock,spotify:artist:4TMHGUX5WI7OOm53PqSDAT,4TMHGUX5WI7OOm53PqSDAT,606094
Greta Van Fleet,rock,spotify:artist:4NpFxQe2UvRCAjto3JqlSl,4NpFxQe2UvRCAjto3JqlSl,557189
AJR,rock,spotify:artist:6s22t5Y3prQHyaHWUN1R1C,6s22t5Y3prQHyaHWUN1R1C,540789
Bob Seger,rock,spotify:artist:485uL27bPomh29R4JmQehQ,485uL27bPomh29R4JmQehQ,484294
John Denver,rock,spotify:artist:7EK1bQADBoqbYXnT4Cqv9w,7EK1bQADBoqbYXnT4Cqv9w,475923
NEEDTOBREATHE,rock,spotify:artist:610EjgFatGvVPtib97jQ8G,610EjgFatGvVPtib97jQ8G,443828
Rebelution,rock,spotify:artist:2WjvvwAX0mdWwq3aFuUdtc,2WjvvwAX0mdWwq3aFuUdtc,440898
Dirty Heads,rock,spotify:artist:6GkJh85o22LfD2vgL9DP6f,6GkJh85o22LfD2vgL9DP6f,381213
Rainbow Kitten Surprise,rock,spotify:artist:4hz8tIajF2INpgM0qzPJz2,4hz8tIajF2INpgM0qzPJz2,193245
lovelytheband,rock,spotify:artist:4KJ6jujcNPzOyhdNoiNftp,4KJ6jujcNPzOyhdNoiNftp,78361
Jimi Hendrix,blues,spotify:artist:776Uo845nYHJpNaStv1Ds4,776Uo845nYHJpNaStv1Ds4,2730744
The Black Keys,blues,spotify:artist:7mnBLXK823vNxN3UWB7Gfz,7mnBLXK823vNxN3UWB7Gfz,2602658
Eric Clapton,blues,spotify:artist:6PAt558ZEZl0DmdXlnjMgD,6PAt558ZEZl0DmdXlnjMgD,2312649
Deep Purple,blues,spotify:artist:568ZhdwyaiCyOGJRtNYhWf,568ZhdwyaiCyOGJRtNYhWf,2038116
ZZ Top,blues,spotify:artist:2AM4ilv6UzW0uMRuqKtDgN,2AM4ilv6UzW0uMRuqKtDgN,1665820
Lynyrd Skynyrd,blues,spotify:artist:4MVyzYMgTwdP7Z49wAZHx0,4MVyzYMgTwdP7Z49wAZHx0,1655339
Queens of the Stone Age,blues,spotify:artist:4pejUc4iciQfgdX6OKulQn,4pejUc4iciQfgdX6OKulQn,1608159
The White Stripes,blues,spotify:artist:4F84IBURUo98rz4r61KF70,4F84IBURUo98rz4r61KF70,1540310
Janis Joplin,blues,spotify:artist:4NgfOZCL9Ml67xzM0xzIvC,4NgfOZCL9Ml67xzM0xzIvC,1412176
B.B. King,blues,spotify:artist:5xLSa7l4IV1gsQfhAMvl0U,5xLSa7l4IV1gsQfhAMvl0U,1376680
Cage The Elephant,blues,spotify:artist:26T3LtbuGT1Fu9m0eRq5X3,26T3LtbuGT1Fu9m0eRq5X3,1301587
Stevie Ray Vaughan,blues,spotify:artist:5fsDcuclIe8ZiBD5P787K1,5fsDcuclIe8ZiBD5P787K1,1061727
Whitesnake,blues,spotify:artist:3UbyYnvNIT5DFXU4WgiGpP,3UbyYnvNIT5DFXU4WgiGpP,968343
Santana,blues,spotify:artist:6GI52t8N5F02MxU0g5U69P,6GI52t8N5F02MxU0g5U69P,921809
The Animals,blues,spotify:artist:3ICflSq6ZgYAIrm2CTkfVP,3ICflSq6ZgYAIrm2CTkfVP,906334
Steve Miller Band,blues,spotify:artist:6QtGlUje9TIkLrgPZrESuk,6QtGlUje9TIkLrgPZrESuk,859664
Jack White,blues,spotify:artist:4FZ3j1oH43e7cukCALsCwf,4FZ3j1oH43e7cukCALsCwf,840849
Cream,blues,spotify:artist:74oJ4qxwOZvX6oSsu1DGnw,74oJ4qxwOZvX6oSsu1DGnw,787286
Royal Blood,blues,spotify:artist:2S5hlvw4CMtMGswFtfdK15,2S5hlvw4CMtMGswFtfdK15,725867
Jethro Tull,blues,spotify:artist:6w6z8m4WXX7Tub4Rb6Lu7R,6w6z8m4WXX7Tub4Rb6Lu7R,660141
Muddy Waters,blues,spotify:artist:4y6J8jwRAwO4dssiSmN91R,4y6J8jwRAwO4dssiSmN91R,651198
Steely Dan,blues,spotify:artist:6P7H3ai06vU1sGvdpBwDmE,6P7H3ai06vU1sGvdpBwDmE,640851
Joe Cocker,blues,spotify:artist:3pFCERyEiP5xeN2EsPXhjI,3pFCERyEiP5xeN2EsPXhjI,615258
Jefferson Airplane,blues,spotify:artist:2qFr8w5sWUITRlzZ9kZotF,2qFr8w5sWUITRlzZ9kZotF,610945
The Allman Brothers Band,blues,spotify:artist:4wQ3PyMz3WwJGI5uEqHUVR,4wQ3PyMz3WwJGI5uEqHUVR,561870
Greta Van Fleet,blues,spotify:artist:4NpFxQe2UvRCAjto3JqlSl,4NpFxQe2UvRCAjto3JqlSl,557189
Blue yster Cult,blues,spotify:artist:00tVTdpEhQQw1bqdu8RCx2,00tVTdpEhQQw1bqdu8RCx2,551943
"Crosby, Stills & Nash",blues,spotify:artist:2pdvghEHZJtgSXZ7cvNLou,2pdvghEHZJtgSXZ7cvNLou,546537
Jane's Addiction,blues,spotify:artist:02NfyD6AlLA12crYzw5YcR,02NfyD6AlLA12crYzw5YcR,524609
Steppenwolf,blues,spotify:artist:1WRM9i067hd2ujxxi8FI3m,1WRM9i067hd2ujxxi8FI3m,499267
Gary Clark Jr.,blues,spotify:artist:01aC2ikO4Xgb2LUpf9JfKp,01aC2ikO4Xgb2LUpf9JfKp,460772
Wolfmother,blues,spotify:artist:3yEnArbNHyTCwMRvD9SBy4,3yEnArbNHyTCwMRvD9SBy4,456316
Sonic Youth,blues,spotify:artist:5UqTO8smerMvxHYA5xsXb6,5UqTO8smerMvxHYA5xsXb6,454941
Thin Lizzy,blues,spotify:artist:6biWAmrHyiMkX49LkycGqQ,6biWAmrHyiMkX49LkycGqQ,447249
Blind Melon,blues,spotify:artist:5sD1ZLf2dGQ9gQ3YJl1eAd,5sD1ZLf2dGQ9gQ3YJl1eAd,440674
Buddy Guy,blues,spotify:artist:2gCsNOpiBaMNh20jQ5prf0,2gCsNOpiBaMNh20jQ5prf0,440240
Joe Bonamassa,blues,spotify:artist:2SNzxY1OsSCHBLVi77mpPQ,2SNzxY1OsSCHBLVi77mpPQ,410227
"Crosby, Stills, Nash & Young",blues,spotify:artist:1CYsQCypByMVgnv17qsSbQ,1CYsQCypByMVgnv17qsSbQ,409850
The Raconteurs,blues,spotify:artist:4wo1267SJuUfHgasdlfNfc,4wo1267SJuUfHgasdlfNfc,395744
Ted Nugent,blues,spotify:artist:21ysNsPzHdqYN2fQ75ZswG,21ysNsPzHdqYN2fQ75ZswG,385632
The Band,blues,spotify:artist:4vpDg7Y7fU982Ds30zawDA,4vpDg7Y7fU982Ds30zawDA,384429
Bad Company,blues,spotify:artist:5AEG63ajney2BoDXi0Vb84,5AEG63ajney2BoDXi0Vb84,382207
The Byrds,blues,spotify:artist:1PCZpxHJz7WAMF8EEq8bfc,1PCZpxHJz7WAMF8EEq8bfc,367469
John Lee Hooker,blues,spotify:artist:1yNOfXGQNGjAynk77wv85x,1yNOfXGQNGjAynk77wv85x,360584
Joe Walsh,blues,spotify:artist:5bDxAyJiTYBat1YnFJhvEK,5bDxAyJiTYBat1YnFJhvEK,359137
Peter Frampton,blues,spotify:artist:0543y7yrvny4KymoaneT4W,0543y7yrvny4KymoaneT4W,357953
The Kills,blues,spotify:artist:5BYuBzqmTXwUDw2rYkwExr,5BYuBzqmTXwUDw2rYkwExr,350968
The Yardbirds,blues,spotify:artist:2lxX1ivRYp26soIavdG9bX,2lxX1ivRYp26soIavdG9bX,329145
Grand Funk Railroad,blues,spotify:artist:0qEcf3SFlpRcb3lK3f2GZI,0qEcf3SFlpRcb3lK3f2GZI,309438
Black Rebel Motorcycle Club,blues,spotify:artist:1tpXaFf2F55E7kVJON4j4G,1tpXaFf2F55E7kVJON4j4G,298327
Eagles Of Death Metal,blues,spotify:artist:02uYdhMhCgdB49hZlYRm9o,02uYdhMhCgdB49hZlYRm9o,291161
George Thorogood & The Destroyers,blues,spotify:artist:4n31svBA9GGIYxGxgrQaRK,4n31svBA9GGIYxGxgrQaRK,288090
Foghat,blues,spotify:artist:6x33CmZWo2Ve4hxYl2Craq,6x33CmZWo2Ve4hxYl2Craq,273335
The Black Crowes,blues,spotify:artist:5krkohEVJYw0qoB5VWwxaC,5krkohEVJYw0qoB5VWwxaC,270837
Bachman-Turner Overdrive,blues,spotify:artist:5q4AzEtCoYJyXjMMoEkSU5,5q4AzEtCoYJyXjMMoEkSU5,269927
The Marshall Tucker Band,blues,spotify:artist:59QxeZBL6k9L4oJBGSyukd,59QxeZBL6k9L4oJBGSyukd,262116
Buffalo Springfield,blues,spotify:artist:3eskO5m0H4yiF64vRySBjr,3eskO5m0H4yiF64vRySBjr,260391
Bonnie Raitt,blues,spotify:artist:4KDyYWR7IpxZ7xrdYbKrqY,4KDyYWR7IpxZ7xrdYbKrqY,248832
Them Crooked Vultures,blues,spotify:artist:4zYQWYmtimAEmI6WWEzGfO,4zYQWYmtimAEmI6WWEzGfO,234928
Phish,blues,spotify:artist:5wbIWUzTPuTxTyG6ouQKqz,5wbIWUzTPuTxTyG6ouQKqz,233774
The Heavy,blues,spotify:artist:0bZCak2tcRMY1dzEIuwF42,0bZCak2tcRMY1dzEIuwF42,231696
Clutch,blues,spotify:artist:161AC1AVRkIGIMxyj5djFQ,161AC1AVRkIGIMxyj5djFQ,228616
J.J. Cale,blues,spotify:artist:06nsZ3qSOYZ2hPVIMcr1IN,06nsZ3qSOYZ2hPVIMcr1IN,227450
The Platters,blues,spotify:artist:6KWcxMWVNVIYbdOQyJtsSy,6KWcxMWVNVIYbdOQyJtsSy,223046
The J. Geils Band,blues,spotify:artist:69Mj3u4FTUrpyeGNSIaU6F,69Mj3u4FTUrpyeGNSIaU6F,217615
Carlos Santana,blues,spotify:artist:7yGQgQiiKpg2k00JXf8hJk,7yGQgQiiKpg2k00JXf8hJk,211567
Chris Rea,blues,spotify:artist:5KEG7G8LDYlHgFDqZyEEs2,5KEG7G8LDYlHgFDqZyEEs2,205982
Derek & The Dominos,blues,spotify:artist:2rc78XDH9zuJP6bm78lU8Z,2rc78XDH9zuJP6bm78lU8Z,204160
Canned Heat,blues,spotify:artist:27a0GiCba9K9lnkKidroFU,27a0GiCba9K9lnkKidroFU,191920
KONGOS,blues,spotify:artist:58R5LHkK3vkmEyGUPOR5kS,58R5LHkK3vkmEyGUPOR5kS,189895
Dan Auerbach,blues,spotify:artist:6YWdHD3R863Apw1hkx3BwC,6YWdHD3R863Apw1hkx3BwC,187578
Rival Sons,blues,spotify:artist:356c8AN5YWKvz86B4Sb1yf,356c8AN5YWKvz86B4Sb1yf,185758
The Guess Who,blues,spotify:artist:0cQuYRSzlItquYxsQKDvVc,0cQuYRSzlItquYxsQKDvVc,180188
The Drifters,blues,spotify:artist:1FqqOl9itIUpXr4jZPIVoT,1FqqOl9itIUpXr4jZPIVoT,179183
Traffic,blues,spotify:artist:1CD77o9fbdyQFrHnUPUEsF,1CD77o9fbdyQFrHnUPUEsF,174898
Ty Segall,blues,spotify:artist:58XGUNsRNu3cVOIOYk5chx,58XGUNsRNu3cVOIOYk5chx,166512
Free,blues,spotify:artist:2e53aHBQdCMKWqHDuyJsjC,2e53aHBQdCMKWqHDuyJsjC,160135
Tedeschi Trucks Band,blues,spotify:artist:2gFsmDBM0hkoZPmrO5EdyO,2gFsmDBM0hkoZPmrO5EdyO,152630
Little Feat,blues,spotify:artist:0ZIwOAzDuGPspzK7yiTc4S,0ZIwOAzDuGPspzK7yiTc4S,141145
Death From Above 1979,blues,spotify:artist:18H0sAptzdwid08XGg1Lcj,18H0sAptzdwid08XGg1Lcj,136802
Manfred Mann's Earth Band,blues,spotify:artist:2utNxkLhreF1oIfO8kQT3q,2utNxkLhreF1oIfO8kQT3q,132152
Dorothy,blues,spotify:artist:6IOvhXyk5edbA2DVaeP9Up,6IOvhXyk5edbA2DVaeP9Up,130291
Kenny Wayne Shepherd,blues,spotify:artist:1riHqX633Kup3mJAw8WR8p,1riHqX633Kup3mJAw8WR8p,127254
Faces,blues,spotify:artist:3v4feUQnU3VEUqFrjmtekL,3v4feUQnU3VEUqFrjmtekL,122619
Dr. John,blues,spotify:artist:320TrJub4arztwXRm7kqVO,320TrJub4arztwXRm7kqVO,118707
Keb' Mo',blues,spotify:artist:6iDaoPZVgxrTkndDCisX8F,6iDaoPZVgxrTkndDCisX8F,116307
Gov't Mule,blues,spotify:artist:5zoKOcTDI9EMOhGNaxL708,5zoKOcTDI9EMOhGNaxL708,114681
Jerry Garcia,blues,spotify:artist:3QDaXfnxfQqqJQK5lSdjLN,3QDaXfnxfQqqJQK5lSdjLN,109829
The Arcs,blues,spotify:artist:3mVWMgLc7bcyCBtL2ymZwK,3mVWMgLc7bcyCBtL2ymZwK,107710
Badfinger,blues,spotify:artist:4pJCawaKSZ40EnxN0YEYw3,4pJCawaKSZ40EnxN0YEYw3,101915
The Wood Brothers,blues,spotify:artist:6FxuPrpa8phaP3Xn73emhT,6FxuPrpa8phaP3Xn73emhT,100377
Mountain,blues,spotify:artist:7LCp4MN0SOIVWlssid9KyE,7LCp4MN0SOIVWlssid9KyE,96731
Big Brother & The Holding Company,blues,spotify:artist:4J69yWrKwWJgjv3DKTZcGo,4J69yWrKwWJgjv3DKTZcGo,83984
Taj Mahal,blues,spotify:artist:1aTDTChWWyiJH3SEnYrdVp,1aTDTChWWyiJH3SEnYrdVp,77189
JJ Grey & Mofro,blues,spotify:artist:1Jl8u1U1GtBlwocZK5LWZv,1Jl8u1U1GtBlwocZK5LWZv,74265
Black Pistol Fire,blues,spotify:artist:0Nrwy16xCPXG8AwkMbcVvo,0Nrwy16xCPXG8AwkMbcVvo,73723
Susan Tedeschi,blues,spotify:artist:5Ws3s6lSP4Un8kQf8CrAta,5Ws3s6lSP4Un8kQf8CrAta,63614
The Marcus King Band,blues,spotify:artist:0tgaHqkU1p7QhBUIzKXVU9,0tgaHqkU1p7QhBUIzKXVU9,51216
Elvin Bishop,blues,spotify:artist:2G1yVp387GlUf9yvLk6V11,2G1yVp387GlUf9yvLk6V11,31010
cleopatrick,blues,spotify:artist:6VTvaLJ9arNmKi8e1ekOwW,6VTvaLJ9arNmKi8e1ekOwW,21346
Ed Sheeran,pop,spotify:artist:6eUKZXaKkcviH0Ku9w2n3V,6eUKZXaKkcviH0Ku9w2n3V,36150102
Drake,pop,spotify:artist:3TVXtAsR1Inumwj472S9r4,3TVXtAsR1Inumwj472S9r4,29459035
Rihanna,pop,spotify:artist:5pKCCKE2ajJHZ9KAiaK11H,5pKCCKE2ajJHZ9KAiaK11H,28251555
Justin Bieber,pop,spotify:artist:1uNFoZAHBGtllmzznpCI3s,1uNFoZAHBGtllmzznpCI3s,25607444
Ariana Grande,pop,spotify:artist:66CXWjxzNUsdJxJ2JdwvnR,66CXWjxzNUsdJxJ2JdwvnR,20647347
Bruno Mars,pop,spotify:artist:0du5cEVh5yTK9QJze8zA0C,0du5cEVh5yTK9QJze8zA0C,18217275
David Guetta,pop,spotify:artist:1Cs0zKBU1kc0i8ypK3B9ai,1Cs0zKBU1kc0i8ypK3B9ai,16696416
Beyonc,pop,spotify:artist:6vWDO969PvNqNYHIOW5v0m,6vWDO969PvNqNYHIOW5v0m,16475268
Taylor Swift,pop,spotify:artist:06HL4z0CvFAxyc27GXpf02,06HL4z0CvFAxyc27GXpf02,16303535
Coldplay,pop,spotify:artist:4gzpq5DPGxSnKTe4SA8HAU,4gzpq5DPGxSnKTe4SA8HAU,16084392
Maroon 5,pop,spotify:artist:04gDigrS5kc9YWfZHwBETP,04gDigrS5kc9YWfZHwBETP,14319969
Calvin Harris,pop,spotify:artist:7CajNmpbOovFoOoasH2HaY,7CajNmpbOovFoOoasH2HaY,14137404
The Weeknd,pop,spotify:artist:1Xyo4u8uXC1ZmMpatF05PJ,1Xyo4u8uXC1ZmMpatF05PJ,13403956
Nicki Minaj,pop,spotify:artist:0hCNtLu0JehylgoiP8L4Gh,0hCNtLu0JehylgoiP8L4Gh,13308741
Shawn Mendes,pop,spotify:artist:7n2wHs1TKAczGzO7Dd2rGr,7n2wHs1TKAczGzO7Dd2rGr,13122333
Adele,pop,spotify:artist:4dpARuHxo51G3z768sgnrY,4dpARuHxo51G3z768sgnrY,12556556
Selena Gomez,pop,spotify:artist:0C8ZW7ezQVs4URX5aX7Kqx,0C8ZW7ezQVs4URX5aX7Kqx,12369381
Demi Lovato,pop,spotify:artist:6S2OmqARrzebs0tKUEyXyp,6S2OmqARrzebs0tKUEyXyp,11683872
One Direction,pop,spotify:artist:4AK6F7OLvEQ5QYCBNiQWHq,4AK6F7OLvEQ5QYCBNiQWHq,11464805
Kendrick Lamar,pop,spotify:artist:2YZyLoL8N0Wb9xBt1NhZWg,2YZyLoL8N0Wb9xBt1NhZWg,11280465
Twenty One Pilots,pop,spotify:artist:3YQKmKGau1PzlVlkL1iodx,3YQKmKGau1PzlVlkL1iodx,10598401
The Chainsmokers,pop,spotify:artist:69GGBxA162lTqCwzJG5jLp,69GGBxA162lTqCwzJG5jLp,9731696
Sia,pop,spotify:artist:5WUlDfRSoLAfcVSX1WnrxN,5WUlDfRSoLAfcVSX1WnrxN,9133708
Kanye West,pop,spotify:artist:5K4W6rqBFWDnAN6FQUkS6x,5K4W6rqBFWDnAN6FQUkS6x,8773098
Post Malone,pop,spotify:artist:246dkjvS1zLTtiykXe5h60,246dkjvS1zLTtiykXe5h60,8748340
Migos,pop,spotify:artist:6oMuImdp5ZcFhWP0ESe6mG,6oMuImdp5ZcFhWP0ESe6mG,7808625
BTS,pop,spotify:artist:3Nrfpe0tUJi4K4DXYWgMUX,3Nrfpe0tUJi4K4DXYWgMUX,7725704
Michael Jackson,pop,spotify:artist:3fMbdgg4jU18AjLCKBhRSm,3fMbdgg4jU18AjLCKBhRSm,7614794
Dua Lipa,pop,spotify:artist:6M2wZ9GZgrQXHCFfjv46we,6M2wZ9GZgrQXHCFfjv46we,7613482
Chris Brown,pop,spotify:artist:7bXgB6jMjp9ATFy66eO08Z,7bXgB6jMjp9ATFy66eO08Z,7538755
Wiz Khalifa,pop,spotify:artist:137W8MRPWKqSmrBGDBFSop,137W8MRPWKqSmrBGDBFSop,7522377
Future,pop,spotify:artist:1RyvyyTE3xzB2ZywiAwp0i,1RyvyyTE3xzB2ZywiAwp0i,7370438
Camila Cabello,pop,spotify:artist:4nDoRrQiYLoBzwC5BhVJzF,4nDoRrQiYLoBzwC5BhVJzF,7334598
Sam Smith,pop,spotify:artist:2wY79sveU1sp5g7SokKOiI,2wY79sveU1sp5g7SokKOiI,7325120
Lana Del Rey,pop,spotify:artist:00FQb4jTyendYWaN8pK0wa,00FQb4jTyendYWaN8pK0wa,7321520
Justin Timberlake,pop,spotify:artist:31TPClRtHm23RisEBtV3X7,31TPClRtHm23RisEBtV3X7,7268832
Lil Wayne,pop,spotify:artist:55Aa2cqylxrFIXC767Z865,55Aa2cqylxrFIXC767Z865,6878410
J. Cole,pop,spotify:artist:6l3HvQ5sa6mXTsMTB19rO5,6l3HvQ5sa6mXTsMTB19rO5,6762883
Marshmello,pop,spotify:artist:64KEffDW9EtZ1y2vBYgq8T,64KEffDW9EtZ1y2vBYgq8T,6639221
Usher,pop,spotify:artist:23zg3TcAtWQy7J6upgbUnj,23zg3TcAtWQy7J6upgbUnj,6605504
Lady Gaga,pop,spotify:artist:1HY2Jd0NmPuamShAr6KMms,1HY2Jd0NmPuamShAr6KMms,6035672
Charlie Puth,pop,spotify:artist:6VuMaDnrHyPL1p4EHjYLi7,6VuMaDnrHyPL1p4EHjYLi7,5779183
Fall Out Boy,pop,spotify:artist:4UXqAaa6dQYAk18Lv7PEgX,4UXqAaa6dQYAk18Lv7PEgX,5518134
Panic! At The Disco,pop,spotify:artist:20JZFwl6HVl6yg8a4H3ZqK,20JZFwl6HVl6yg8a4H3ZqK,5379726
Big Sean,pop,spotify:artist:0c173mlxpT3dSFRgMO8XPh,0c173mlxpT3dSFRgMO8XPh,5298380
Cardi B,pop,spotify:artist:4kYSro6naA4h99UJvo89HB,4kYSro6naA4h99UJvo89HB,5155111
21 Savage,pop,spotify:artist:1URnnhqYAYcrqrcwql10ft,1URnnhqYAYcrqrcwql10ft,5143708
A$AP Rocky,pop,spotify:artist:13ubrt8QOOCPljQ2FL1Kca,13ubrt8QOOCPljQ2FL1Kca,4643923
Halsey,pop,spotify:artist:26VFTg2z8YR0cCuwLzESi2,26VFTg2z8YR0cCuwLzESi2,4357115
Lil Yachty,pop,spotify:artist:6icQOAFXDZKsumw3YXyusw,6icQOAFXDZKsumw3YXyusw,4333519
Tyga,pop,spotify:artist:5LHRHt1k9lMyONurDHEdrp,5LHRHt1k9lMyONurDHEdrp,4118624
Childish Gambino,pop,spotify:artist:73sIBHcqh3Z3NyqHKZ7FOL,73sIBHcqh3Z3NyqHKZ7FOL,4075421
Kygo,pop,spotify:artist:23fqKkggKUBHNkbKtXEls4,23fqKkggKUBHNkbKtXEls4,3953778
Khalid,pop,spotify:artist:6LuN9FCkKOj5PcnpouEgny,6LuN9FCkKOj5PcnpouEgny,3928051
Kodak Black,pop,spotify:artist:46SHBwWsqBkxI7EeeBEQG7,46SHBwWsqBkxI7EeeBEQG7,3879454
5 Seconds of Summer,pop,spotify:artist:5Rl15oVamLq7FbSb0NNBNy,5Rl15oVamLq7FbSb0NNBNy,3778888
Travis Scott,pop,spotify:artist:0Y5tJX1MQlPlqiwlOH1tJY,0Y5tJX1MQlPlqiwlOH1tJY,3750890
2 Chainz,pop,spotify:artist:17lzZA2AlOHwCwFALHttmp,17lzZA2AlOHwCwFALHttmp,3696988
Chance the Rapper,pop,spotify:artist:1anyVhU62p31KFi8MEzkbf,1anyVhU62p31KFi8MEzkbf,3671526
Mariah Carey,pop,spotify:artist:4iHNK0tOyZPYnBU7nGAgpQ,4iHNK0tOyZPYnBU7nGAgpQ,3668007
Zedd,pop,spotify:artist:2qxJFvFYMEDqd7ui6kSAcq,2qxJFvFYMEDqd7ui6kSAcq,3596300
G-Eazy,pop,spotify:artist:02kJSzxNuaWGqwubyUba0Z,02kJSzxNuaWGqwubyUba0Z,3551790
DJ Snake,pop,spotify:artist:540vIaP2JwjQb9dm3aArA4,540vIaP2JwjQb9dm3aArA4,3519828
Young Thug,pop,spotify:artist:50co4Is1HCEo8bhOyUWKpn,50co4Is1HCEo8bhOyUWKpn,3499296
John Mayer,pop,spotify:artist:0hEurMDQu99nJRq8pTxO14,0hEurMDQu99nJRq8pTxO14,3243065
Hailee Steinfeld,pop,spotify:artist:5p7f24Rk5HkUZsaS3BLG5F,5p7f24Rk5HkUZsaS3BLG5F,3152370
Becky G,pop,spotify:artist:4obzFoKoKRHIphyHzJ35G3,4obzFoKoKRHIphyHzJ35G3,3151402
Logic,pop,spotify:artist:4xRYI6VqpkE3UwrDrAZL8L,4xRYI6VqpkE3UwrDrAZL8L,3098430
Bastille,pop,spotify:artist:7EQ0qTo7fWT7DPxmxtSYEc,7EQ0qTo7fWT7DPxmxtSYEc,3019760
Jeremih,pop,spotify:artist:3KV3p5EY4AvKxOlhGHORLg,3KV3p5EY4AvKxOlhGHORLg,2863913
Michael Bubl,pop,spotify:artist:1GxkXlMwML1oSg5eLPiAz3,1GxkXlMwML1oSg5eLPiAz3,2803049
Mac Miller,pop,spotify:artist:4LLpKhyESsyAXpc4laK94U,4LLpKhyESsyAXpc4laK94U,2792068
Troye Sivan,pop,spotify:artist:3WGpXCj9YhhfX11TToZcXP,3WGpXCj9YhhfX11TToZcXP,2713101
Bebe Rexha,pop,spotify:artist:64M6ah0SkkRsnPGtGiRAbb,64M6ah0SkkRsnPGtGiRAbb,2654549
Billie Eilish,pop,spotify:artist:6qqNVTkY8uBg9cP3Jd7DAH,6qqNVTkY8uBg9cP3Jd7DAH,2615440
Pharrell Williams,pop,spotify:artist:2RdwBSPQiwcmiDo9kixcl8,2RdwBSPQiwcmiDo9kixcl8,2545391
Gucci Mane,pop,spotify:artist:13y7CgLHjMVRMDqxdx0Xdo,13y7CgLHjMVRMDqxdx0Xdo,2297899
Quavo,pop,spotify:artist:0VRj0yCOv2FXJNP47XQnx5,0VRj0yCOv2FXJNP47XQnx5,2289497
Ty Dolla $ign,pop,spotify:artist:7c0XG5cIJTrrAgEC3ULPiq,7c0XG5cIJTrrAgEC3ULPiq,2221377
French Montana,pop,spotify:artist:6vXTefBL93Dj5IqAWq6OTv,6vXTefBL93Dj5IqAWq6OTv,2191791
A Boogie Wit da Hoodie,pop,spotify:artist:31W5EY0aAly4Qieq6OFu6I,31W5EY0aAly4Qieq6OFu6I,2115715
Kevin Gates,pop,spotify:artist:1gPhS1zisyXr5dHTYZyiMe,1gPhS1zisyXr5dHTYZyiMe,2015467
Miguel,pop,spotify:artist:360IAlyVv4PCEVjgyMZrxK,360IAlyVv4PCEVjgyMZrxK,1989652
Jhene Aiko,pop,spotify:artist:5ZS223C6JyBfXasXxrRqOk,5ZS223C6JyBfXasXxrRqOk,1987378
Kehlani,pop,spotify:artist:0cGUm45nv7Z6M6qdXYQGTX,0cGUm45nv7Z6M6qdXYQGTX,1911702
Tory Lanez,pop,spotify:artist:2jku7tDXc6XoB6MO2hFuqg,2jku7tDXc6XoB6MO2hFuqg,1820604
Russ,pop,spotify:artist:1z7b1Pr1rSlvWRzsW3HOrS,1z7b1Pr1rSlvWRzsW3HOrS,1820267
Diplo,pop,spotify:artist:5fMUXHkw8R8eOP2RNVYEZX,5fMUXHkw8R8eOP2RNVYEZX,1689983
Blackbear,pop,spotify:artist:2cFrymmkijnjDg9SS92EPM,2cFrymmkijnjDg9SS92EPM,1674221
YG,pop,spotify:artist:0A0FS04o6zMoto8OKPsDwY,0A0FS04o6zMoto8OKPsDwY,1413737
Rich The Kid,pop,spotify:artist:1pPmIToKXyGdsCF6LmqLmI,1pPmIToKXyGdsCF6LmqLmI,1253578
6LACK,pop,spotify:artist:4IVAbR2w4JJNJDDRFP3E83,4IVAbR2w4JJNJDDRFP3E83,1219155
Julia Michaels,pop,spotify:artist:0ZED1XzwlLHW4ZaG4lOT6m,0ZED1XzwlLHW4ZaG4lOT6m,1178730
NAV,pop,spotify:artist:7rkW85dBwwrJtlHRDkJDAC,7rkW85dBwwrJtlHRDkJDAC,1047938
Metro Boomin,pop,spotify:artist:0iEtIxbK0KxaSlF7G42ZOp,0iEtIxbK0KxaSlF7G42ZOp,921110
Bazzi,pop,spotify:artist:4GvEc3ANtPPjt1ZJllr5Zl,4GvEc3ANtPPjt1ZJllr5Zl,903602
Lauv,pop,spotify:artist:5JZ7CnR6gTvEMKX4g70Amv,5JZ7CnR6gTvEMKX4g70Amv,772919
Jon Bellion,pop,spotify:artist:50JJSqHUf2RQ9xsHs0KMHg,50JJSqHUf2RQ9xsHs0KMHg,748157
Amin,pop,spotify:artist:3Gm5F95VdRxW3mqCn8RPBJ,3Gm5F95VdRxW3mqCn8RPBJ,703382
benny blanco,pop,spotify:artist:5CiGnKThu5ctn9pBxv7DGa,5CiGnKThu5ctn9pBxv7DGa,28185
Alicia Keys,soul,spotify:artist:3DiDSECUqqY1AuBP8qtaIa,3DiDSECUqqY1AuBP8qtaIa,5452028
Amy Winehouse,soul,spotify:artist:6Q192DXotxtaysaqNPy5yR,6Q192DXotxtaysaqNPy5yR,5139682
John Legend,soul,spotify:artist:5y2Xq6xcjJb2jVM54GHK3t,5y2Xq6xcjJb2jVM54GHK3t,4356036
Frank Ocean,soul,spotify:artist:2h93pZq0e7k5yf4dywlkpM,2h93pZq0e7k5yf4dywlkpM,3858918
Stevie Wonder,soul,spotify:artist:7guDJrEfX3qb6FEbdPA5qi,7guDJrEfX3qb6FEbdPA5qi,3124635
Marvin Gaye,soul,spotify:artist:3koiLjNrgRTNbOwViDipeA,3koiLjNrgRTNbOwViDipeA,2537816
Mary J. Blige,soul,spotify:artist:1XkoF8ryArs86LZvFOkbyr,1XkoF8ryArs86LZvFOkbyr,1641670
Aretha Franklin,soul,spotify:artist:7nwUJBm0HE4ZxD3f5cy5ok,7nwUJBm0HE4ZxD3f5cy5ok,1610336
Kelly Rowland,soul,spotify:artist:3AuMNF8rQAKOzjYppFNAoB,3AuMNF8rQAKOzjYppFNAoB,1608485
Emeli Sand,soul,spotify:artist:7sfgqEdoeBTjd8lQsPT3Cy,7sfgqEdoeBTjd8lQsPT3Cy,1502758
"Earth, Wind & Fire",soul,spotify:artist:4QQgXkCYTt3BlENzhyNETg,4QQgXkCYTt3BlENzhyNETg,1448467
Sade,soul,spotify:artist:47zz7sob9NUcODy0BTDvKx,47zz7sob9NUcODy0BTDvKx,1332980
Ray Charles,soul,spotify:artist:1eYhYunlNJlDoQhtYBvPsi,1eYhYunlNJlDoQhtYBvPsi,1275839
Erykah Badu,soul,spotify:artist:7IfculRW2WXyzNQ8djX8WX,7IfculRW2WXyzNQ8djX8WX,1270154
Janet Jackson,soul,spotify:artist:4qwGe91Bz9K2T8jXTZ815W,4qwGe91Bz9K2T8jXTZ815W,1256496
Nina Simone,soul,spotify:artist:7G1GBhoKtEPnP86X2PvEYO,7G1GBhoKtEPnP86X2PvEYO,1209102
Otis Redding,soul,spotify:artist:60df5JBRRPcnSpsIMxxwQm,60df5JBRRPcnSpsIMxxwQm,1190214
James Brown,soul,spotify:artist:7GaxyUddsPok8BuhxN6OUW,7GaxyUddsPok8BuhxN6OUW,1190142
The Temptations,soul,spotify:artist:3RwQ26hR2tJtA8F9p2n7jG,3RwQ26hR2tJtA8F9p2n7jG,1141079
Ms. Lauryn Hill,soul,spotify:artist:2Mu5NfyYm8n5iTomuKAEHl,2Mu5NfyYm8n5iTomuKAEHl,1068578
Al Green,soul,spotify:artist:3dkbV4qihUeMsqN4vBGg93,3dkbV4qihUeMsqN4vBGg93,972375
Rag'n'Bone Man,soul,spotify:artist:4f9iBmdUOhQWeP7dcAn1pf,4f9iBmdUOhQWeP7dcAn1pf,812726
Luther Vandross,soul,spotify:artist:19y5MFBH7gohEdGwKM7QsP,19y5MFBH7gohEdGwKM7QsP,802178
Jill Scott,soul,spotify:artist:6AVLthptCPhfrxlHadOBJD,6AVLthptCPhfrxlHadOBJD,791286
Etta James,soul,spotify:artist:0iOVhN3tnSvgDbcg25JoJb,0iOVhN3tnSvgDbcg25JoJb,762823
Chuck Berry,soul,spotify:artist:293zczrfYafIItmnmM3coR,293zczrfYafIItmnmM3coR,752299
James Blake,soul,spotify:artist:53KwLdlmrlCelAZMaLVZqU,53KwLdlmrlCelAZMaLVZqU,731564
Anthony Hamilton,soul,spotify:artist:2DzRMyWgjuMbYvt5BLbpCo,2DzRMyWgjuMbYvt5BLbpCo,728946
Sam Cooke,soul,spotify:artist:6hnWRPzGGKiapVX1UCdEAC,6hnWRPzGGKiapVX1UCdEAC,728043
Maxwell,soul,spotify:artist:2AOt5htsbtyaHd5Eq3kl3j,2AOt5htsbtyaHd5Eq3kl3j,712731
Joe,soul,spotify:artist:3zTOe1BtyTkwNvYZOxXktX,3zTOe1BtyTkwNvYZOxXktX,688273
The Isley Brothers,soul,spotify:artist:53QzNeFpzAaXYnrDBbDrIp,53QzNeFpzAaXYnrDBbDrIp,659724
D'Angelo,soul,spotify:artist:336vr2M3Va0FjyvB55lJEd,336vr2M3Va0FjyvB55lJEd,633631
Janelle Mone,soul,spotify:artist:6ueGR6SWhUJfvEhqkvMsVs,6ueGR6SWhUJfvEhqkvMsVs,570611
Commodores,soul,spotify:artist:6twIAGnYuIT1pncMAsXnEm,6twIAGnYuIT1pncMAsXnEm,568046
Bill Withers,soul,spotify:artist:1ThoqLcyIYvZn7iWbj8fsj,1ThoqLcyIYvZn7iWbj8fsj,544832
Diana Krall,soul,spotify:artist:5z1VAFwT35EVvCp1XlZZuL,5z1VAFwT35EVvCp1XlZZuL,530345
Roy Woods,soul,spotify:artist:7mDU6nMUJnOSY2Hkjz5oqM,7mDU6nMUJnOSY2Hkjz5oqM,501755
Curtis Mayfield,soul,spotify:artist:2AV6XDIs32ofIJhkkDevjm,2AV6XDIs32ofIJhkkDevjm,490155
Jamie Foxx,soul,spotify:artist:7LnaAXbDVIL75IVPnndf7w,7LnaAXbDVIL75IVPnndf7w,470459
Michael Kiwanuka,soul,spotify:artist:0bzfPKdbXL5ezYW2z3UGQj,0bzfPKdbXL5ezYW2z3UGQj,465359
Smokey Robinson & The Miracles,soul,spotify:artist:6TKOZZDd5uV5KnyC5G4MUt,6TKOZZDd5uV5KnyC5G4MUt,455304
Corinne Bailey Rae,soul,spotify:artist:29WzbAQtDnBJF09es0uddn,29WzbAQtDnBJF09es0uddn,412360
The O'Jays,soul,spotify:artist:38h03gA85YYPeDPd9ER9rT,38h03gA85YYPeDPd9ER9rT,408994
Mura Masa,soul,spotify:artist:5Q81rlcTFh3k6DQJXPdsot,5Q81rlcTFh3k6DQJXPdsot,382582
HONNE,soul,spotify:artist:0Vw76uk7P8yVtTClWyOhac,0Vw76uk7P8yVtTClWyOhac,360916
Sly & The Family Stone,soul,spotify:artist:5m8H6zSadhu1j9Yi04VLqD,5m8H6zSadhu1j9Yi04VLqD,349810
Majid Jordan,soul,spotify:artist:4HzKw8XcD0piJmDrrPRCYk,4HzKw8XcD0piJmDrrPRCYk,346851
Macy Gray,soul,spotify:artist:4ylR3zwA0zaapAu94fktwa,4ylR3zwA0zaapAu94fktwa,336578
Sampha,soul,spotify:artist:2WoVwexZuODvclzULjPQtm,2WoVwexZuODvclzULjPQtm,320198
The Spinners,soul,spotify:artist:5fbhwqYYh4YwUoEs582mq5,5fbhwqYYh4YwUoEs582mq5,264830
Gnarls Barkley,soul,spotify:artist:5SbkVQYYzlw1kte75QIabH,5SbkVQYYzlw1kte75QIabH,241058
Charles Bradley,soul,spotify:artist:462T0buQ5ScBUQCRpodDRf,462T0buQ5ScBUQCRpodDRf,239927
Brent Faiyaz,soul,spotify:artist:3tlXnStJ1fFhdScmQeLpuG,3tlXnStJ1fFhdScmQeLpuG,222644
Ben E. King,soul,spotify:artist:3plJVWt88EqjvtuB4ZDRV3,3plJVWt88EqjvtuB4ZDRV3,218128
Donny Hathaway,soul,spotify:artist:0HU0U9kdXEHZVxUNbuQe8S,0HU0U9kdXEHZVxUNbuQe8S,214011
Nao,soul,spotify:artist:7aFTOGFDEqDtJUCziLVsVC,7aFTOGFDEqDtJUCziLVsVC,210781
BJ The Chicago Kid,soul,spotify:artist:07d5etnpjriczFBB8pxmRe,07d5etnpjriczFBB8pxmRe,199502
St. Paul & The Broken Bones,soul,spotify:artist:4fXkvh05wFhuH77MfD4m9o,4fXkvh05wFhuH77MfD4m9o,183696
Sharon Jones & The Dap-Kings,soul,spotify:artist:6LufpoVlIYKQCu9Gjpk8B7,6LufpoVlIYKQCu9Gjpk8B7,148194
Estelle,soul,spotify:artist:5T0MSzX9RC5NA6gAI6irSn,5T0MSzX9RC5NA6gAI6irSn,144544
Belly,soul,spotify:artist:0FOWNUFHPnMy0vOw1siGqi,0FOWNUFHPnMy0vOw1siGqi,140346
Ravyn Lenae,soul,spotify:artist:5RTLRtXjbXI2lSXc6jxlAz,5RTLRtXjbXI2lSXc6jxlAz,128810
Xavier Omr,soul,spotify:artist:3UjPnt2nRmw10N58bBeNOg,3UjPnt2nRmw10N58bBeNOg,119039
THEY.,soul,spotify:artist:0pghUohLPptZWBasy2wmUx,0pghUohLPptZWBasy2wmUx,118580
Jai Wolf,soul,spotify:artist:24V5UY0nChKpnb1TBPJhCw,24V5UY0nChKpnb1TBPJhCw,112509
NxWorries,soul,spotify:artist:6PEMFpe3PTOksdV4ZXUpbE,6PEMFpe3PTOksdV4ZXUpbE,108785
Whethan,soul,spotify:artist:0vqJkZ0RpLZixt3lTmD8vP,0vqJkZ0RpLZixt3lTmD8vP,100382
SiR,soul,spotify:artist:3QTDHixorJelOLxoxcjqGx,3QTDHixorJelOLxoxcjqGx,98920
The Knocks,soul,spotify:artist:2x7EATekOPhFGRx3syMGEC,2x7EATekOPhFGRx3syMGEC,94929
88GLAM,soul,spotify:artist:2I9SLklAOG0vdMiUUMNxRl,2I9SLklAOG0vdMiUUMNxRl,86747
Snoh Aalegra,soul,spotify:artist:1A9o3Ljt67pFZ89YtPPL5X,1A9o3Ljt67pFZ89YtPPL5X,86416
SAINt JHN,soul,spotify:artist:0H39MdGGX6dbnnQPt6NQkZ,0H39MdGGX6dbnnQPt6NQkZ,77880
Galimatias,soul,spotify:artist:0tOrKkXIn3VYyVHFEPG6Xd,0tOrKkXIn3VYyVHFEPG6Xd,73648
Big Wild,soul,spotify:artist:0PxzGnCYBpSuaI49OR94cA,0PxzGnCYBpSuaI49OR94cA,72764
Anna Of The North,soul,spotify:artist:1mSJCvDX0W7Dn7S9C6vmvI,1mSJCvDX0W7Dn7S9C6vmvI,67711
24hrs,soul,spotify:artist:4isewEHTP7Az2QheDdBQ6J,4isewEHTP7Az2QheDdBQ6J,67517
Sonder,soul,spotify:artist:2ICR2m4hOBPhaYiZB3rnLW,2ICR2m4hOBPhaYiZB3rnLW,66761
Mansionair,soul,spotify:artist:4qOzMSukiZoiSjPQw8Zs7s,4qOzMSukiZoiSjPQw8Zs7s,66031
Shallou,soul,spotify:artist:7C3Cbtr2PkH2l4tOGhtCsk,7C3Cbtr2PkH2l4tOGhtCsk,62507
Amber Mark,soul,spotify:artist:0tbeZu9lv8YEKSQ9tZSslu,0tbeZu9lv8YEKSQ9tZSslu,60550
GASHI,soul,spotify:artist:0JOxt5QOwq0czoJxvSc5hS,0JOxt5QOwq0czoJxvSc5hS,60268
Ari Lennox,soul,spotify:artist:1vaQ6v3pOFxAIrFoPrAcom,1vaQ6v3pOFxAIrFoPrAcom,59259
Kasbo,soul,spotify:artist:1ikID9RZZMvkuBGDWrqajq,1ikID9RZZMvkuBGDWrqajq,53987
Elohim,soul,spotify:artist:6wKxOKEA3K6R2UZ3COLXEY,6wKxOKEA3K6R2UZ3COLXEY,51862
Charlotte Day Wilson,soul,spotify:artist:3GQboECxDT1xqPPWC30p7v,3GQboECxDT1xqPPWC30p7v,50169
Still Woozy,soul,spotify:artist:4iMO20EPodreIaEl8qW66y,4iMO20EPodreIaEl8qW66y,46355
RKCB,soul,spotify:artist:4QDvXnbmw1znkqkK1119Fc,4QDvXnbmw1znkqkK1119Fc,43800
ROZES,soul,spotify:artist:6jsjhAEteAlY0vCiLvMLBA,6jsjhAEteAlY0vCiLvMLBA,43515
Buddy,soul,spotify:artist:6PDLwWvgYNMfBRLqC1h5cJ,6PDLwWvgYNMfBRLqC1h5cJ,41159
Jerry Folk,soul,spotify:artist:356FCJoyYWyzONni54Dgrv,356FCJoyYWyzONni54Dgrv,40390
Mavis Staples,soul,spotify:artist:0cTSCsVx04SSht9V6cpKN0,0cTSCsVx04SSht9V6cpKN0,40259
Verzache,soul,spotify:artist:59KX7XUUgAOOo5IyDjca0T,59KX7XUUgAOOo5IyDjca0T,35336
ayokay,soul,spotify:artist:4BzCdhJTyTS3gumq9xmymb,4BzCdhJTyTS3gumq9xmymb,34936
Shoffy,soul,spotify:artist:4wO0kHiOwf8l9VMJJN9HmG,4wO0kHiOwf8l9VMJJN9HmG,30087
ODIE,soul,spotify:artist:5aMIbwZQvP2MHPMVC5zCGj,5aMIbwZQvP2MHPMVC5zCGj,21794
Dan Caplen,soul,spotify:artist:2U3FuHYvL3vhkbDAXm24Ep,2U3FuHYvL3vhkbDAXm24Ep,15849
Sleepy Brown,soul,spotify:artist:7Dnu2NmddNymEI2LMZVH5v,7Dnu2NmddNymEI2LMZVH5v,9740
Elliott Trent,soul,spotify:artist:4U6sGpoCZvYkwmwB3VtRTW,4U6sGpoCZvYkwmwB3VtRTW,9708
Vory,soul,spotify:artist:0GeeIVcvGA8GSlWsoY1dkG,0GeeIVcvGA8GSlWsoY1dkG,8723
Arctic Monkeys,indie,spotify:artist:7Ln80lUS6He07XvHI8qqHH,7Ln80lUS6He07XvHI8qqHH,6917967
Halsey,indie,spotify:artist:26VFTg2z8YR0cCuwLzESi2,26VFTg2z8YR0cCuwLzESi2,4357115
The Killers,indie,spotify:artist:0C0XlULifJtAgn6ZNCW2eu,0C0XlULifJtAgn6ZNCW2eu,4095142
Khalid,indie,spotify:artist:6LuN9FCkKOj5PcnpouEgny,6LuN9FCkKOj5PcnpouEgny,3928051
Frank Ocean,indie,spotify:artist:2h93pZq0e7k5yf4dywlkpM,2h93pZq0e7k5yf4dywlkpM,3858918
Kings of Leon,indie,spotify:artist:2qk9voo8llSGYcZ6xrBzKx,2qk9voo8llSGYcZ6xrBzKx,3571481
G-Eazy,indie,spotify:artist:02kJSzxNuaWGqwubyUba0Z,02kJSzxNuaWGqwubyUba0Z,3551790
Bryson Tiller,indie,spotify:artist:2EMAnMvWE2eb56ToJVfCWs,2EMAnMvWE2eb56ToJVfCWs,3032194
Jeremih,indie,spotify:artist:3KV3p5EY4AvKxOlhGHORLg,3KV3p5EY4AvKxOlhGHORLg,2863913
The Lumineers,indie,spotify:artist:16oZKvXb6WkQlVAjwo2Wbg,16oZKvXb6WkQlVAjwo2Wbg,2803088
Of Monsters and Men,indie,spotify:artist:4dwdTW1Lfiq0cM8nBAqIIz,4dwdTW1Lfiq0cM8nBAqIIz,2367602
Foster The People,indie,spotify:artist:7gP3bB2nilZXLfPHJhMdvc,7gP3bB2nilZXLfPHJhMdvc,2338914
SZA,indie,spotify:artist:7tYKF4w9nC0nq9CsPZTHyP,7tYKF4w9nC0nq9CsPZTHyP,2159856
Bon Iver,indie,spotify:artist:4LEiUm1SRbFMgfqnQTwUbQ,4LEiUm1SRbFMgfqnQTwUbQ,2134153
alt-J,indie,spotify:artist:3XHO7cRUPCLOr6jwp8vsx5,3XHO7cRUPCLOr6jwp8vsx5,2065751
Miguel,indie,spotify:artist:360IAlyVv4PCEVjgyMZrxK,360IAlyVv4PCEVjgyMZrxK,1989652
Jhene Aiko,indie,spotify:artist:5ZS223C6JyBfXasXxrRqOk,5ZS223C6JyBfXasXxrRqOk,1987378
Kehlani,indie,spotify:artist:0cGUm45nv7Z6M6qdXYQGTX,0cGUm45nv7Z6M6qdXYQGTX,1911702
Tory Lanez,indie,spotify:artist:2jku7tDXc6XoB6MO2hFuqg,2jku7tDXc6XoB6MO2hFuqg,1820604
Wale,indie,spotify:artist:67nwj3Y5sZQLl72VNUHEYE,67nwj3Y5sZQLl72VNUHEYE,1686290
PARTYNEXTDOOR,indie,spotify:artist:2HPaUgqeutzr3jx5a9WyDV,2HPaUgqeutzr3jx5a9WyDV,1585574
Two Door Cinema Club,indie,spotify:artist:536BYVgOnRky0xjsPT96zl,536BYVgOnRky0xjsPT96zl,1499849
Vance Joy,indie,spotify:artist:10exVja0key0uqUkk6LJRT,10exVja0key0uqUkk6LJRT,1436956
Marina and the Diamonds,indie,spotify:artist:6CwfuxIqcltXDGjfZsMd9A,6CwfuxIqcltXDGjfZsMd9A,1391491
Arcade Fire,indie,spotify:artist:3kjuyTCjPG1WMFCiyc5IuB,3kjuyTCjPG1WMFCiyc5IuB,1379024
Charli XCX,indie,spotify:artist:25uiPmTg16RbhZWAqwLBy5,25uiPmTg16RbhZWAqwLBy5,1313350
MGMT,indie,spotify:artist:0SwO7SWeDHJijQ3XNS7xEE,0SwO7SWeDHJijQ3XNS7xEE,1308609
Cage The Elephant,indie,spotify:artist:26T3LtbuGT1Fu9m0eRq5X3,26T3LtbuGT1Fu9m0eRq5X3,1301587
6LACK,indie,spotify:artist:4IVAbR2w4JJNJDDRFP3E83,4IVAbR2w4JJNJDDRFP3E83,1219155
Vampire Weekend,indie,spotify:artist:5BvJzeQpmsdsFp4HGUYUEx,5BvJzeQpmsdsFp4HGUYUEx,1193756
WALK THE MOON,indie,spotify:artist:6DIS6PRrLS3wbnZsf7vYic,6DIS6PRrLS3wbnZsf7vYic,1107921
Jacquees,indie,spotify:artist:4tMm1dU6Gn04VAZ9ClHcIZ,4tMm1dU6Gn04VAZ9ClHcIZ,1058817
gnash,indie,spotify:artist:3iri9nBFs9e4wN7PLIetAw,3iri9nBFs9e4wN7PLIetAw,966943
Daniel Caesar,indie,spotify:artist:20wkVLutqVOYrc0kxFs7rA,20wkVLutqVOYrc0kxFs7rA,966275
Death Cab for Cutie,indie,spotify:artist:0YrtvWJMgSdVrk3SfNjTbx,0YrtvWJMgSdVrk3SfNjTbx,921401
Mac DeMarco,indie,spotify:artist:3Sz7ZnJQBIHsXLUSo0OQtM,3Sz7ZnJQBIHsXLUSo0OQtM,914411
The National,indie,spotify:artist:2cCUtGK9sDU2EoElnk0GNB,2cCUtGK9sDU2EoElnk0GNB,910785
H.E.R.,indie,spotify:artist:3Y7RZ31TRPVadSFVy1o8os,3Y7RZ31TRPVadSFVy1o8os,895098
Young the Giant,indie,spotify:artist:4j56EQDQu5XnL7R3E9iFJT,4j56EQDQu5XnL7R3E9iFJT,882991
Modest Mouse,indie,spotify:artist:1yAwtBaoHLEDWAnWR87hBT,1yAwtBaoHLEDWAnWR87hBT,825079
Portugal. The Man,indie,spotify:artist:4kI8Ie27vjvonwaB2ePh8T,4kI8Ie27vjvonwaB2ePh8T,812160
Anderson .Paak,indie,spotify:artist:3jK9MiCrA42lLAdMGUZpwa,3jK9MiCrA42lLAdMGUZpwa,807076
Ella Mai,indie,spotify:artist:7HkdQ0gt53LP4zmHsL0nap,7HkdQ0gt53LP4zmHsL0nap,768457
Fleet Foxes,indie,spotify:artist:4EVpmkEwrLYEg6jIsiPMIb,4EVpmkEwrLYEg6jIsiPMIb,760567
Sufjan Stevens,indie,spotify:artist:4MXUO7sVCaFgFjoTI5ox5c,4MXUO7sVCaFgFjoTI5ox5c,739641
James Blake,indie,spotify:artist:53KwLdlmrlCelAZMaLVZqU,53KwLdlmrlCelAZMaLVZqU,731564
Oh Wonder,indie,spotify:artist:5cIc3SBFuBLVxJz58W2tU9,5cIc3SBFuBLVxJz58W2tU9,724888
Amin,indie,spotify:artist:3Gm5F95VdRxW3mqCn8RPBJ,3Gm5F95VdRxW3mqCn8RPBJ,703382
Grouplove,indie,spotify:artist:3kVUvbeRdcrqQ3oHk5hPdx,3kVUvbeRdcrqQ3oHk5hPdx,673814
Jorja Smith,indie,spotify:artist:1CoZyIx7UvdxT5c8UkMzHd,1CoZyIx7UvdxT5c8UkMzHd,636448
The Avett Brothers,indie,spotify:artist:196lKsA13K3keVXMDFK66q,196lKsA13K3keVXMDFK66q,624397
Rex Orange County,indie,spotify:artist:7pbDxGE6nQSZVfiFdq9lOL,7pbDxGE6nQSZVfiFdq9lOL,623075
BROCKHAMPTON,indie,spotify:artist:1Bl6wpkWCQ4KVgnASpvzzA,1Bl6wpkWCQ4KVgnASpvzzA,617713
The Head and the Heart,indie,spotify:artist:0n94vC3S9c3mb2HyNAOcjg,0n94vC3S9c3mb2HyNAOcjg,612740
BRNS,indie,spotify:artist:1KP6TWI40m7p3QBTU6u2xo,1KP6TWI40m7p3QBTU6u2xo,585832
EDEN,indie,spotify:artist:1t20wYnTiAT0Bs7H1hv9Wt,1t20wYnTiAT0Bs7H1hv9Wt,511645
Kali Uchis,indie,spotify:artist:1U1el3k54VvEUzo3ybLPlM,1U1el3k54VvEUzo3ybLPlM,490399
Kiiara,indie,spotify:artist:4u5smJBskI6Adzv08PuiUP,4u5smJBskI6Adzv08PuiUP,486372
Two Feet,indie,spotify:artist:5sWHDYs0csV6RS48xBl0tH,5sWHDYs0csV6RS48xBl0tH,449641
Lord Huron,indie,spotify:artist:6ltzsmQQbmdoHHbLZ4ZN25,6ltzsmQQbmdoHHbLZ4ZN25,429521
Olivia O'Brien,indie,spotify:artist:1QRj3hoop9Mv5VvHQkwPEp,1QRj3hoop9Mv5VvHQkwPEp,424519
Alina Baraz,indie,spotify:artist:6hfwwpXqZPRC9CsKI7qtv1,6hfwwpXqZPRC9CsKI7qtv1,419600
GoldLink,indie,spotify:artist:5XenQ7XfcvQdfIbpLEFaKQ,5XenQ7XfcvQdfIbpLEFaKQ,398373
Sabrina Claudio,indie,spotify:artist:30DhU7BDmF4PH0JVhu8ZRg,30DhU7BDmF4PH0JVhu8ZRg,386617
Fitz and The Tantrums,indie,spotify:artist:4AcHt3JxKy59IX7JNNlZn4,4AcHt3JxKy59IX7JNNlZn4,378900
Tom Misch,indie,spotify:artist:1uiEZYehlNivdK3iQyAbye,1uiEZYehlNivdK3iQyAbye,327765
Clairo,indie,spotify:artist:3l0CmX0FuQjFxr8SK7Vqag,3l0CmX0FuQjFxr8SK7Vqag,300382
The Growlers,indie,spotify:artist:2RhgnQNC74QoBlaUvT4MEe,2RhgnQNC74QoBlaUvT4MEe,265577
MAX,indie,spotify:artist:1bqxdqvUtPWZri43cKHac8,1bqxdqvUtPWZri43cKHac8,261702
Gregory Alan Isakov,indie,spotify:artist:5sXaGoRLSpd7VeyZrLkKwt,5sXaGoRLSpd7VeyZrLkKwt,259561
Witt Lowry,indie,spotify:artist:5ghnxpW47ojtLHHyTLdxdY,5ghnxpW47ojtLHHyTLdxdY,257955
Mike Stud,indie,spotify:artist:5G9kmDLg3OeUyj8KVBLzbu,5G9kmDLg3OeUyj8KVBLzbu,252018
Bad Suns,indie,spotify:artist:0YhUSm86okLWldQVwJkLlP,0YhUSm86okLWldQVwJkLlP,238054
Masego,indie,spotify:artist:3ycxRkcZ67ALN3GQJ57Vig,3ycxRkcZ67ALN3GQJ57Vig,235822
Quinn XCII,indie,spotify:artist:3ApUX1o6oSz321MMECyIYd,3ApUX1o6oSz321MMECyIYd,229463
Brent Faiyaz,indie,spotify:artist:3tlXnStJ1fFhdScmQeLpuG,3tlXnStJ1fFhdScmQeLpuG,222636
Hippo Campus,indie,spotify:artist:1btWGBz4Uu1HozTwb2Lm8A,1btWGBz4Uu1HozTwb2Lm8A,199813
Rainbow Kitten Surprise,indie,spotify:artist:4hz8tIajF2INpgM0qzPJz2,4hz8tIajF2INpgM0qzPJz2,193239
Marc E. Bassy,indie,spotify:artist:3tQx1LPXbsYjE9VwN1Peaa,3tQx1LPXbsYjE9VwN1Peaa,188944
boy pablo,indie,spotify:artist:7wbkl3zgDZEoZer357mVIw,7wbkl3zgDZEoZer357mVIw,166981
Smino,indie,spotify:artist:1ybINI1qPiFbwDXamRtwxD,1ybINI1qPiFbwDXamRtwxD,161098
Jeremy Zucker,indie,spotify:artist:3gIRvgZssIb9aiirIg0nI3,3gIRvgZssIb9aiirIg0nI3,157610
Gryffin,indie,spotify:artist:2ZRQcIgzPCVaT9XKhXZIzh,2ZRQcIgzPCVaT9XKhXZIzh,152542
Dermot Kennedy,indie,spotify:artist:5KNNVgR6LBIABRIomyCwKJ,5KNNVgR6LBIABRIomyCwKJ,149420
Steve Lacy,indie,spotify:artist:57vWImR43h4CaDao012Ofp,57vWImR43h4CaDao012Ofp,143661
Bruno Major,indie,spotify:artist:0hDjKSKjl1DC7ovYTDJHe8,0hDjKSKjl1DC7ovYTDJHe8,128355
Bryce Vine,indie,spotify:artist:1ShZZUjkbXCjhwrb18BA8I,1ShZZUjkbXCjhwrb18BA8I,111584
Whethan,indie,spotify:artist:0vqJkZ0RpLZixt3lTmD8vP,0vqJkZ0RpLZixt3lTmD8vP,100380
Chelsea Cutler,indie,spotify:artist:5JMLG56F1X5mFmWNmS0iAp,5JMLG56F1X5mFmWNmS0iAp,93844
SYML,indie,spotify:artist:6AyATGg7mDgBlZ4N5uNog0,6AyATGg7mDgBlZ4N5uNog0,93229
lovelytheband,indie,spotify:artist:4KJ6jujcNPzOyhdNoiNftp,4KJ6jujcNPzOyhdNoiNftp,78354
Mac Ayres,indie,spotify:artist:0fTav4sBLmYOAzKuJw0grL,0fTav4sBLmYOAzKuJw0grL,67713
The Walters,indie,spotify:artist:027TpXKGwdXP7iwbjUSpV8,027TpXKGwdXP7iwbjUSpV8,65658
Sasha Sloan,indie,spotify:artist:4xnihxcoXWK3UqryOSnbw5,4xnihxcoXWK3UqryOSnbw5,65274
Summer Walker,indie,spotify:artist:57LYzLEk2LcFghVwuWbcuS,57LYzLEk2LcFghVwuWbcuS,65138
Phoebe Bridgers,indie,spotify:artist:1r1uxoy19fzMxunt3ONAkG,1r1uxoy19fzMxunt3ONAkG,64636
Jaira Burns,indie,spotify:artist:0tRFWXqKBBQcu5oFVOgVzX,0tRFWXqKBBQcu5oFVOgVzX,49847
Empress Of,indie,spotify:artist:5QuBVnBPEzwYvFrgBbwpmU,5QuBVnBPEzwYvFrgBbwpmU,45456
RKCB,indie,spotify:artist:4QDvXnbmw1znkqkK1119Fc,4QDvXnbmw1znkqkK1119Fc,43798
Elley Duh,indie,spotify:artist:67MNhiAICFY6Pwc2YxCO0K,67MNhiAICFY6Pwc2YxCO0K,22667
