Artist,Genre,Artist_uri,Artist_id
Travis Scott,pop,spotify:artist:0Y5tJX1MQlPlqiwlOH1tJY,0Y5tJX1MQlPlqiwlOH1tJY
Drake,pop,spotify:artist:3TVXtAsR1Inumwj472S9r4,3TVXtAsR1Inumwj472S9r4
Ariana Grande,pop,spotify:artist:66CXWjxzNUsdJxJ2JdwvnR,66CXWjxzNUsdJxJ2JdwvnR
Nicki Minaj,pop,spotify:artist:0hCNtLu0JehylgoiP8L4Gh,0hCNtLu0JehylgoiP8L4Gh
Post Malone,pop,spotify:artist:246dkjvS1zLTtiykXe5h60,246dkjvS1zLTtiykXe5h60
Khalid,pop,spotify:artist:6LuN9FCkKOj5PcnpouEgny,6LuN9FCkKOj5PcnpouEgny
Lil Wayne,pop,spotify:artist:55Aa2cqylxrFIXC767Z865,55Aa2cqylxrFIXC767Z865
Lil Baby,pop,spotify:artist:5f7VJjfbwm532GiveGC0ZK,5f7VJjfbwm532GiveGC0ZK
Cardi B,pop,spotify:artist:4kYSro6naA4h99UJvo89HB,4kYSro6naA4h99UJvo89HB
Future,pop,spotify:artist:1RyvyyTE3xzB2ZywiAwp0i,1RyvyyTE3xzB2ZywiAwp0i
Kodak Black,pop,spotify:artist:46SHBwWsqBkxI7EeeBEQG7,46SHBwWsqBkxI7EeeBEQG7
Quavo,pop,spotify:artist:0VRj0yCOv2FXJNP47XQnx5,0VRj0yCOv2FXJNP47XQnx5
Billie Eilish,pop,spotify:artist:6qqNVTkY8uBg9cP3Jd7DAH,6qqNVTkY8uBg9cP3Jd7DAH
The Weeknd,pop,spotify:artist:1Xyo4u8uXC1ZmMpatF05PJ,1Xyo4u8uXC1ZmMpatF05PJ
Kanye West,pop,spotify:artist:5K4W6rqBFWDnAN6FQUkS6x,5K4W6rqBFWDnAN6FQUkS6x
Lil Uzi Vert,pop,spotify:artist:4O15NlyKLIASxsJ0PrXPfz,4O15NlyKLIASxsJ0PrXPfz
Ed Sheeran,pop,spotify:artist:6eUKZXaKkcviH0Ku9w2n3V,6eUKZXaKkcviH0Ku9w2n3V
Lady Gaga,pop,spotify:artist:1HY2Jd0NmPuamShAr6KMms,1HY2Jd0NmPuamShAr6KMms
Halsey,pop,spotify:artist:26VFTg2z8YR0cCuwLzESi2,26VFTg2z8YR0cCuwLzESi2
Metro Boomin,pop,spotify:artist:0iEtIxbK0KxaSlF7G42ZOp,0iEtIxbK0KxaSlF7G42ZOp
Taylor Swift,pop,spotify:artist:06HL4z0CvFAxyc27GXpf02,06HL4z0CvFAxyc27GXpf02
Gunna,pop,spotify:artist:2hlmm7s2ICUX0LVIhVFlZQ,2hlmm7s2ICUX0LVIhVFlZQ
Bruno Mars,pop,spotify:artist:0du5cEVh5yTK9QJze8zA0C,0du5cEVh5yTK9QJze8zA0C
Chris Brown,pop,spotify:artist:7bXgB6jMjp9ATFy66eO08Z,7bXgB6jMjp9ATFy66eO08Z
BTS,pop,spotify:artist:3Nrfpe0tUJi4K4DXYWgMUX,3Nrfpe0tUJi4K4DXYWgMUX
21 Savage,pop,spotify:artist:1URnnhqYAYcrqrcwql10ft,1URnnhqYAYcrqrcwql10ft
Young Thug,pop,spotify:artist:50co4Is1HCEo8bhOyUWKpn,50co4Is1HCEo8bhOyUWKpn
Ty Dolla $ign,pop,spotify:artist:7c0XG5cIJTrrAgEC3ULPiq,7c0XG5cIJTrrAgEC3ULPiq
Rihanna,pop,spotify:artist:5pKCCKE2ajJHZ9KAiaK11H,5pKCCKE2ajJHZ9KAiaK11H
Justin Bieber,pop,spotify:artist:1uNFoZAHBGtllmzznpCI3s,1uNFoZAHBGtllmzznpCI3s
Twenty One Pilots,pop,spotify:artist:3YQKmKGau1PzlVlkL1iodx,3YQKmKGau1PzlVlkL1iodx
Shawn Mendes,pop,spotify:artist:7n2wHs1TKAczGzO7Dd2rGr,7n2wHs1TKAczGzO7Dd2rGr
Maroon 5,pop,spotify:artist:04gDigrS5kc9YWfZHwBETP,04gDigrS5kc9YWfZHwBETP
Migos,pop,spotify:artist:6oMuImdp5ZcFhWP0ESe6mG,6oMuImdp5ZcFhWP0ESe6mG
G-Eazy,pop,spotify:artist:02kJSzxNuaWGqwubyUba0Z,02kJSzxNuaWGqwubyUba0Z
Mac Miller,pop,spotify:artist:4LLpKhyESsyAXpc4laK94U,4LLpKhyESsyAXpc4laK94U
Selena Gomez,pop,spotify:artist:0C8ZW7ezQVs4URX5aX7Kqx,0C8ZW7ezQVs4URX5aX7Kqx
Camila Cabello,pop,spotify:artist:4nDoRrQiYLoBzwC5BhVJzF,4nDoRrQiYLoBzwC5BhVJzF
Sam Smith,pop,spotify:artist:2wY79sveU1sp5g7SokKOiI,2wY79sveU1sp5g7SokKOiI
Panic! At The Disco,pop,spotify:artist:20JZFwl6HVl6yg8a4H3ZqK,20JZFwl6HVl6yg8a4H3ZqK
Marshmello,pop,spotify:artist:64KEffDW9EtZ1y2vBYgq8T,64KEffDW9EtZ1y2vBYgq8T
Dua Lipa,pop,spotify:artist:6M2wZ9GZgrQXHCFfjv46we,6M2wZ9GZgrQXHCFfjv46we
Gucci Mane,pop,spotify:artist:13y7CgLHjMVRMDqxdx0Xdo,13y7CgLHjMVRMDqxdx0Xdo
Lil Yachty,pop,spotify:artist:6icQOAFXDZKsumw3YXyusw,6icQOAFXDZKsumw3YXyusw
Michael Jackson,pop,spotify:artist:3fMbdgg4jU18AjLCKBhRSm,3fMbdgg4jU18AjLCKBhRSm
Blackbear,pop,spotify:artist:2cFrymmkijnjDg9SS92EPM,2cFrymmkijnjDg9SS92EPM
Russ,pop,spotify:artist:1z7b1Pr1rSlvWRzsW3HOrS,1z7b1Pr1rSlvWRzsW3HOrS
Sia,pop,spotify:artist:5WUlDfRSoLAfcVSX1WnrxN,5WUlDfRSoLAfcVSX1WnrxN
Bebe Rexha,pop,spotify:artist:64M6ah0SkkRsnPGtGiRAbb,64M6ah0SkkRsnPGtGiRAbb
J. Cole,pop,spotify:artist:6l3HvQ5sa6mXTsMTB19rO5,6l3HvQ5sa6mXTsMTB19rO5
2 Chainz,pop,spotify:artist:17lzZA2AlOHwCwFALHttmp,17lzZA2AlOHwCwFALHttmp
Kendrick Lamar,pop,spotify:artist:2YZyLoL8N0Wb9xBt1NhZWg,2YZyLoL8N0Wb9xBt1NhZWg
Bazzi,pop,spotify:artist:4GvEc3ANtPPjt1ZJllr5Zl,4GvEc3ANtPPjt1ZJllr5Zl
A$AP Rocky,pop,spotify:artist:13ubrt8QOOCPljQ2FL1Kca,13ubrt8QOOCPljQ2FL1Kca
Beyonc,pop,spotify:artist:6vWDO969PvNqNYHIOW5v0m,6vWDO969PvNqNYHIOW5v0m
Demi Lovato,pop,spotify:artist:6S2OmqARrzebs0tKUEyXyp,6S2OmqARrzebs0tKUEyXyp
Big Sean,pop,spotify:artist:0c173mlxpT3dSFRgMO8XPh,0c173mlxpT3dSFRgMO8XPh
David Guetta,pop,spotify:artist:1Cs0zKBU1kc0i8ypK3B9ai,1Cs0zKBU1kc0i8ypK3B9ai
Jon Bellion,pop,spotify:artist:50JJSqHUf2RQ9xsHs0KMHg,50JJSqHUf2RQ9xsHs0KMHg
Lauv,pop,spotify:artist:5JZ7CnR6gTvEMKX4g70Amv,5JZ7CnR6gTvEMKX4g70Amv
Logic,pop,spotify:artist:4xRYI6VqpkE3UwrDrAZL8L,4xRYI6VqpkE3UwrDrAZL8L
Chance the Rapper,pop,spotify:artist:1anyVhU62p31KFi8MEzkbf,1anyVhU62p31KFi8MEzkbf
The Chainsmokers,pop,spotify:artist:69GGBxA162lTqCwzJG5jLp,69GGBxA162lTqCwzJG5jLp
Wiz Khalifa,pop,spotify:artist:137W8MRPWKqSmrBGDBFSop,137W8MRPWKqSmrBGDBFSop
Lana Del Rey,pop,spotify:artist:00FQb4jTyendYWaN8pK0wa,00FQb4jTyendYWaN8pK0wa
5 Seconds of Summer,pop,spotify:artist:5Rl15oVamLq7FbSb0NNBNy,5Rl15oVamLq7FbSb0NNBNy
6LACK,pop,spotify:artist:4IVAbR2w4JJNJDDRFP3E83,4IVAbR2w4JJNJDDRFP3E83
Adele,pop,spotify:artist:4dpARuHxo51G3z768sgnrY,4dpARuHxo51G3z768sgnrY
John Mayer,pop,spotify:artist:0hEurMDQu99nJRq8pTxO14,0hEurMDQu99nJRq8pTxO14
YG,pop,spotify:artist:0A0FS04o6zMoto8OKPsDwY,0A0FS04o6zMoto8OKPsDwY
Bastille,pop,spotify:artist:7EQ0qTo7fWT7DPxmxtSYEc,7EQ0qTo7fWT7DPxmxtSYEc
Rich The Kid,pop,spotify:artist:1pPmIToKXyGdsCF6LmqLmI,1pPmIToKXyGdsCF6LmqLmI
Tyga,pop,spotify:artist:5LHRHt1k9lMyONurDHEdrp,5LHRHt1k9lMyONurDHEdrp
Tory Lanez,pop,spotify:artist:2jku7tDXc6XoB6MO2hFuqg,2jku7tDXc6XoB6MO2hFuqg
Calvin Harris,pop,spotify:artist:7CajNmpbOovFoOoasH2HaY,7CajNmpbOovFoOoasH2HaY
Miguel,pop,spotify:artist:360IAlyVv4PCEVjgyMZrxK,360IAlyVv4PCEVjgyMZrxK
Justin Timberlake,pop,spotify:artist:31TPClRtHm23RisEBtV3X7,31TPClRtHm23RisEBtV3X7
Troye Sivan,pop,spotify:artist:3WGpXCj9YhhfX11TToZcXP,3WGpXCj9YhhfX11TToZcXP
Usher,pop,spotify:artist:23zg3TcAtWQy7J6upgbUnj,23zg3TcAtWQy7J6upgbUnj
Julia Michaels,pop,spotify:artist:0ZED1XzwlLHW4ZaG4lOT6m,0ZED1XzwlLHW4ZaG4lOT6m
PnB Rock,pop,spotify:artist:21WS9wngs9AqFckK7yYJPM,21WS9wngs9AqFckK7yYJPM
French Montana,pop,spotify:artist:6vXTefBL93Dj5IqAWq6OTv,6vXTefBL93Dj5IqAWq6OTv
Kevin Gates,pop,spotify:artist:1gPhS1zisyXr5dHTYZyiMe,1gPhS1zisyXr5dHTYZyiMe
Zedd,pop,spotify:artist:2qxJFvFYMEDqd7ui6kSAcq,2qxJFvFYMEDqd7ui6kSAcq
Pharrell Williams,pop,spotify:artist:2RdwBSPQiwcmiDo9kixcl8,2RdwBSPQiwcmiDo9kixcl8
DJ Snake,pop,spotify:artist:540vIaP2JwjQb9dm3aArA4,540vIaP2JwjQb9dm3aArA4
Coldplay,pop,spotify:artist:4gzpq5DPGxSnKTe4SA8HAU,4gzpq5DPGxSnKTe4SA8HAU
NAV,pop,spotify:artist:7rkW85dBwwrJtlHRDkJDAC,7rkW85dBwwrJtlHRDkJDAC
Childish Gambino,pop,spotify:artist:73sIBHcqh3Z3NyqHKZ7FOL,73sIBHcqh3Z3NyqHKZ7FOL
benny blanco,pop,spotify:artist:5CiGnKThu5ctn9pBxv7DGa,5CiGnKThu5ctn9pBxv7DGa
Charlie Puth,pop,spotify:artist:6VuMaDnrHyPL1p4EHjYLi7,6VuMaDnrHyPL1p4EHjYLi7
Jeremih,pop,spotify:artist:3KV3p5EY4AvKxOlhGHORLg,3KV3p5EY4AvKxOlhGHORLg
Kehlani,pop,spotify:artist:0cGUm45nv7Z6M6qdXYQGTX,0cGUm45nv7Z6M6qdXYQGTX
Mariah Carey,pop,spotify:artist:4iHNK0tOyZPYnBU7nGAgpQ,4iHNK0tOyZPYnBU7nGAgpQ
Diplo,pop,spotify:artist:5fMUXHkw8R8eOP2RNVYEZX,5fMUXHkw8R8eOP2RNVYEZX
Kygo,pop,spotify:artist:23fqKkggKUBHNkbKtXEls4,23fqKkggKUBHNkbKtXEls4
One Direction,pop,spotify:artist:4AK6F7OLvEQ5QYCBNiQWHq,4AK6F7OLvEQ5QYCBNiQWHq
A Boogie Wit da Hoodie,pop,spotify:artist:31W5EY0aAly4Qieq6OFu6I,31W5EY0aAly4Qieq6OFu6I
Hailee Steinfeld,pop,spotify:artist:5p7f24Rk5HkUZsaS3BLG5F,5p7f24Rk5HkUZsaS3BLG5F
Fall Out Boy,pop,spotify:artist:4UXqAaa6dQYAk18Lv7PEgX,4UXqAaa6dQYAk18Lv7PEgX
Imagine Dragons,rock,spotify:artist:53XhwfbYqKCa1cC15pYq2q,53XhwfbYqKCa1cC15pYq2q
Queen,rock,spotify:artist:1dfeR4HaWDbWqFHLkxsg1d,1dfeR4HaWDbWqFHLkxsg1d
Twenty One Pilots,rock,spotify:artist:3YQKmKGau1PzlVlkL1iodx,3YQKmKGau1PzlVlkL1iodx
Panic! At The Disco,rock,spotify:artist:20JZFwl6HVl6yg8a4H3ZqK,20JZFwl6HVl6yg8a4H3ZqK
The Beatles,rock,spotify:artist:3WrFJ7ztbogyGnTHbHJFl2,3WrFJ7ztbogyGnTHbHJFl2
Bastille,rock,spotify:artist:7EQ0qTo7fWT7DPxmxtSYEc,7EQ0qTo7fWT7DPxmxtSYEc
Led Zeppelin,rock,spotify:artist:36QJpDe2go2KgaRleHCDTp,36QJpDe2go2KgaRleHCDTp
Fleetwood Mac,rock,spotify:artist:08GQAI4eElDnROBrJRGE0X,08GQAI4eElDnROBrJRGE0X
AC/DC,rock,spotify:artist:711MCceyCBcFnzjGY4Q7Un,711MCceyCBcFnzjGY4Q7Un
Fall Out Boy,rock,spotify:artist:4UXqAaa6dQYAk18Lv7PEgX,4UXqAaa6dQYAk18Lv7PEgX
Florida Georgia Line,rock,spotify:artist:3b8QkneNDz4JHKKKlLgYZg,3b8QkneNDz4JHKKKlLgYZg
Elton John,rock,spotify:artist:3PhoLpVuITZKcymswpck5b,3PhoLpVuITZKcymswpck5b
Pink Floyd,rock,spotify:artist:0k17h0D3J5VfsdmQ1iZtE9,0k17h0D3J5VfsdmQ1iZtE9
Red Hot Chili Peppers,rock,spotify:artist:0L8ExT028jH3ddEcZwqJJ5,0L8ExT028jH3ddEcZwqJJ5
John Mayer,rock,spotify:artist:0hEurMDQu99nJRq8pTxO14,0hEurMDQu99nJRq8pTxO14
The Killers,rock,spotify:artist:0C0XlULifJtAgn6ZNCW2eu,0C0XlULifJtAgn6ZNCW2eu
Metallica,rock,spotify:artist:2ye2Wgw4gimLv2eAKyk1NB,2ye2Wgw4gimLv2eAKyk1NB
Arctic Monkeys,rock,spotify:artist:7Ln80lUS6He07XvHI8qqHH,7Ln80lUS6He07XvHI8qqHH
Eagles,rock,spotify:artist:0ECwFtbIWEVNwjlrfc6xoL,0ECwFtbIWEVNwjlrfc6xoL
Billy Joel,rock,spotify:artist:6zFYqv1mOsgBRQbae3JJ9e,6zFYqv1mOsgBRQbae3JJ9e
The Rolling Stones,rock,spotify:artist:22bE4uQ6baNwSHPVcDxLCe,22bE4uQ6baNwSHPVcDxLCe
The 1975,rock,spotify:artist:3mIj9lX2MWuHmhNCA7LSCW,3mIj9lX2MWuHmhNCA7LSCW
Creedence Clearwater Revival,rock,spotify:artist:3IYUhFvPQItj6xySrBmZkd,3IYUhFvPQItj6xySrBmZkd
Muse,rock,spotify:artist:12Chz98pHFMPJEknJQMWvI,12Chz98pHFMPJEknJQMWvI
David Bowie,rock,spotify:artist:0oSGxfWSnnOXhD2fKuz2Gy,0oSGxfWSnnOXhD2fKuz2Gy
The Neighbourhood,rock,spotify:artist:77SW9BnxLY8rJ0RciFqkHh,77SW9BnxLY8rJ0RciFqkHh
Thomas Rhett,rock,spotify:artist:6x2LnllRG5uGarZMsD4iO8,6x2LnllRG5uGarZMsD4iO8
Radiohead,rock,spotify:artist:4Z8W4fKeB5YxbusRsdQVPb,4Z8W4fKeB5YxbusRsdQVPb
AJR,rock,spotify:artist:6s22t5Y3prQHyaHWUN1R1C,6s22t5Y3prQHyaHWUN1R1C
Mumford & Sons,rock,spotify:artist:3gd8FJtBJtkRxdfbTu19U2,3gd8FJtBJtkRxdfbTu19U2
Weezer,rock,spotify:artist:3jOstUTkEu2JkjvRdBA5Gu,3jOstUTkEu2JkjvRdBA5Gu
blink-182,rock,spotify:artist:6FBDaR13swtiWwGhX1WQsP,6FBDaR13swtiWwGhX1WQsP
Nirvana,rock,spotify:artist:6olE6TJLqED3rqDCT0FyPh,6olE6TJLqED3rqDCT0FyPh
Journey,rock,spotify:artist:0rvjqX7ttXeg3mTy8Xscbt,0rvjqX7ttXeg3mTy8Xscbt
Guns N' Roses,rock,spotify:artist:3qm84nBOXUEQ2vnTfUTTFC,3qm84nBOXUEQ2vnTfUTTFC
Aerosmith,rock,spotify:artist:7Ey4PD4MYsKc5I2dolUwbH,7Ey4PD4MYsKc5I2dolUwbH
Cage The Elephant,rock,spotify:artist:26T3LtbuGT1Fu9m0eRq5X3,26T3LtbuGT1Fu9m0eRq5X3
X Ambassadors,rock,spotify:artist:3NPpFNZtSTHheNBaWC82rB,3NPpFNZtSTHheNBaWC82rB
Kings of Leon,rock,spotify:artist:2qk9voo8llSGYcZ6xrBzKx,2qk9voo8llSGYcZ6xrBzKx
Grateful Dead,rock,spotify:artist:4TMHGUX5WI7OOm53PqSDAT,4TMHGUX5WI7OOm53PqSDAT
Green Day,rock,spotify:artist:7oPftvlwr6VrsViSDV7fJY,7oPftvlwr6VrsViSDV7fJY
OneRepublic,rock,spotify:artist:5Pwc4xIPtQLFEnJriah9YJ,5Pwc4xIPtQLFEnJriah9YJ
Greta Van Fleet,rock,spotify:artist:4NpFxQe2UvRCAjto3JqlSl,4NpFxQe2UvRCAjto3JqlSl
Vance Joy,rock,spotify:artist:10exVja0key0uqUkk6LJRT,10exVja0key0uqUkk6LJRT
Daryl Hall & John Oates,rock,spotify:artist:77tT1kLj6mCWtFNqiOmP9H,77tT1kLj6mCWtFNqiOmP9H
Lynyrd Skynyrd,rock,spotify:artist:4MVyzYMgTwdP7Z49wAZHx0,4MVyzYMgTwdP7Z49wAZHx0
The Black Keys,rock,spotify:artist:7mnBLXK823vNxN3UWB7Gfz,7mnBLXK823vNxN3UWB7Gfz
Eric Church,rock,spotify:artist:2IvkS5MXK0vPGnwyJsrEyV,2IvkS5MXK0vPGnwyJsrEyV
Paul McCartney,rock,spotify:artist:4STHEaNw4mPZ2tzheohgXB,4STHEaNw4mPZ2tzheohgXB
Foster The People,rock,spotify:artist:7gP3bB2nilZXLfPHJhMdvc,7gP3bB2nilZXLfPHJhMdvc
U2,rock,spotify:artist:51Blml2LZPmy7TTiAg47vQ,51Blml2LZPmy7TTiAg47vQ
Tom Petty and the Heartbreakers,rock,spotify:artist:4tX2TplrkIP4v05BNC903e,4tX2TplrkIP4v05BNC903e
Foo Fighters,rock,spotify:artist:7jy3rLJdDQY21OgRLCZ9sD,7jy3rLJdDQY21OgRLCZ9sD
Van Halen,rock,spotify:artist:2cnMpRsOVqtPMfq7YiFE6K,2cnMpRsOVqtPMfq7YiFE6K
Tame Impala,rock,spotify:artist:5INjqkS1o8h1imAzPqGZBb,5INjqkS1o8h1imAzPqGZBb
The Lumineers,rock,spotify:artist:16oZKvXb6WkQlVAjwo2Wbg,16oZKvXb6WkQlVAjwo2Wbg
Jimi Hendrix,rock,spotify:artist:776Uo845nYHJpNaStv1Ds4,776Uo845nYHJpNaStv1Ds4
Pearl Jam,rock,spotify:artist:1w5Kfo2jwwIPruYS2UWh56,1w5Kfo2jwwIPruYS2UWh56
Bob Dylan,rock,spotify:artist:74ASZWbe4lXaubB36ztrGX,74ASZWbe4lXaubB36ztrGX
Van Morrison,rock,spotify:artist:44NX2ffIYHr6D4n7RaZF7A,44NX2ffIYHr6D4n7RaZF7A
The Doors,rock,spotify:artist:22WZ7M8sxp5THdruNY3gXt,22WZ7M8sxp5THdruNY3gXt
The Beach Boys,rock,spotify:artist:3oDbviiivRWhXwIE8hxkVV,3oDbviiivRWhXwIE8hxkVV
Young the Giant,rock,spotify:artist:4j56EQDQu5XnL7R3E9iFJT,4j56EQDQu5XnL7R3E9iFJT
Elvis Presley,rock,spotify:artist:43ZHCT0cAZBISjO8DG9PnE,43ZHCT0cAZBISjO8DG9PnE
Toto,rock,spotify:artist:0PFtn5NtBbbUNbU9EAmIWF,0PFtn5NtBbbUNbU9EAmIWF
The Strokes,rock,spotify:artist:0epOFNiUfyON9EYx7Tpr6V,0epOFNiUfyON9EYx7Tpr6V
Electric Light Orchestra,rock,spotify:artist:7jefIIksOi1EazgRTfW2Pk,7jefIIksOi1EazgRTfW2Pk
Jason Mraz,rock,spotify:artist:4phGZZrJZRo4ElhRtViYdl,4phGZZrJZRo4ElhRtViYdl
Zac Brown Band,rock,spotify:artist:6yJCxee7QumYr820xdIsjo,6yJCxee7QumYr820xdIsjo
Rainbow Kitten Surprise,rock,spotify:artist:4hz8tIajF2INpgM0qzPJz2,4hz8tIajF2INpgM0qzPJz2
The Fray,rock,spotify:artist:0zOcE3mg9nS6l3yxt1Y0bK,0zOcE3mg9nS6l3yxt1Y0bK
Skillet,rock,spotify:artist:49bzE5vRBRIota4qeHtQM8,49bzE5vRBRIota4qeHtQM8
alt-J,rock,spotify:artist:3XHO7cRUPCLOr6jwp8vsx5,3XHO7cRUPCLOr6jwp8vsx5
Black Sabbath,rock,spotify:artist:5M52tdBnJaKSvOpJGz8mfZ,5M52tdBnJaKSvOpJGz8mfZ
Rebelution,rock,spotify:artist:2WjvvwAX0mdWwq3aFuUdtc,2WjvvwAX0mdWwq3aFuUdtc
The White Stripes,rock,spotify:artist:4F84IBURUo98rz4r61KF70,4F84IBURUo98rz4r61KF70
Portugal. The Man,rock,spotify:artist:4kI8Ie27vjvonwaB2ePh8T,4kI8Ie27vjvonwaB2ePh8T
The Smashing Pumpkins,rock,spotify:artist:40Yq4vzPs9VNUrIBG5Jr2i,40Yq4vzPs9VNUrIBG5Jr2i
MGMT,rock,spotify:artist:0SwO7SWeDHJijQ3XNS7xEE,0SwO7SWeDHJijQ3XNS7xEE
Tom Petty,rock,spotify:artist:2UZMlIwnkgAEDBsw1Rejkn,2UZMlIwnkgAEDBsw1Rejkn
Breaking Benjamin,rock,spotify:artist:5BtHciL0e0zOP7prIHn3pP,5BtHciL0e0zOP7prIHn3pP
Rascal Flatts,rock,spotify:artist:0a1gHP0HAqALbEyxaD5Ngn,0a1gHP0HAqALbEyxaD5Ngn
Bon Jovi,rock,spotify:artist:58lV9VcRSjABbAbfWS6skp,58lV9VcRSjABbAbfWS6skp
John Denver,rock,spotify:artist:7EK1bQADBoqbYXnT4Cqv9w,7EK1bQADBoqbYXnT4Cqv9w
System Of A Down,rock,spotify:artist:5eAWCfyUhZtHHtBdNk56l1,5eAWCfyUhZtHHtBdNk56l1
The Cranberries,rock,spotify:artist:7t0rwkOPGlDPEhaOcVtOt9,7t0rwkOPGlDPEhaOcVtOt9
Dirty Heads,rock,spotify:artist:6GkJh85o22LfD2vgL9DP6f,6GkJh85o22LfD2vgL9DP6f
Phil Collins,rock,spotify:artist:4lxfqrEsLX6N1N4OCSkILp,4lxfqrEsLX6N1N4OCSkILp
Steely Dan,rock,spotify:artist:6P7H3ai06vU1sGvdpBwDmE,6P7H3ai06vU1sGvdpBwDmE
Shinedown,rock,spotify:artist:70BYFdaZbEKbeauJ670ysI,70BYFdaZbEKbeauJ670ysI
WALK THE MOON,rock,spotify:artist:6DIS6PRrLS3wbnZsf7vYic,6DIS6PRrLS3wbnZsf7vYic
Incubus,rock,spotify:artist:3YcBF2ttyueytpXtEzn1Za,3YcBF2ttyueytpXtEzn1Za
Santana,rock,spotify:artist:6GI52t8N5F02MxU0g5U69P,6GI52t8N5F02MxU0g5U69P
lovelytheband,rock,spotify:artist:4KJ6jujcNPzOyhdNoiNftp,4KJ6jujcNPzOyhdNoiNftp
Hillsong United,rock,spotify:artist:74cb3MG0x0BOnYNW1uXYnM,74cb3MG0x0BOnYNW1uXYnM
The Police,rock,spotify:artist:5NGO30tJxFlKixkPSgXcFE,5NGO30tJxFlKixkPSgXcFE
Bruce Springsteen,rock,spotify:artist:3eqjTLE0HfPfh78zjh6TqT,3eqjTLE0HfPfh78zjh6TqT
The Who,rock,spotify:artist:67ea9eGLXYMsO2eYQRui3w,67ea9eGLXYMsO2eYQRui3w
Beck,rock,spotify:artist:3vbKDsSS70ZX9D2OcvbZmS,3vbKDsSS70ZX9D2OcvbZmS
Glass Animals,rock,spotify:artist:4yvcSjfu4PC0CYQyLy4wSq,4yvcSjfu4PC0CYQyLy4wSq
Drake,hip-hop,spotify:artist:3TVXtAsR1Inumwj472S9r4,3TVXtAsR1Inumwj472S9r4
Lil Wayne,hip-hop,spotify:artist:55Aa2cqylxrFIXC767Z865,55Aa2cqylxrFIXC767Z865
Eminem,hip-hop,spotify:artist:7dGJo4pcD2V6oG8kP0tJRR,7dGJo4pcD2V6oG8kP0tJRR
Gunna,hip-hop,spotify:artist:2hlmm7s2ICUX0LVIhVFlZQ,2hlmm7s2ICUX0LVIhVFlZQ
Future,hip-hop,spotify:artist:1RyvyyTE3xzB2ZywiAwp0i,1RyvyyTE3xzB2ZywiAwp0i
Kendrick Lamar,hip-hop,spotify:artist:2YZyLoL8N0Wb9xBt1NhZWg,2YZyLoL8N0Wb9xBt1NhZWg
J. Cole,hip-hop,spotify:artist:6l3HvQ5sa6mXTsMTB19rO5,6l3HvQ5sa6mXTsMTB19rO5
Lil Peep,hip-hop,spotify:artist:2kCcBybjl3SAtIcwdWpUe3,2kCcBybjl3SAtIcwdWpUe3
Mac Miller,hip-hop,spotify:artist:4LLpKhyESsyAXpc4laK94U,4LLpKhyESsyAXpc4laK94U
Logic,hip-hop,spotify:artist:4xRYI6VqpkE3UwrDrAZL8L,4xRYI6VqpkE3UwrDrAZL8L
Wiz Khalifa,hip-hop,spotify:artist:137W8MRPWKqSmrBGDBFSop,137W8MRPWKqSmrBGDBFSop
Metro Boomin,hip-hop,spotify:artist:0iEtIxbK0KxaSlF7G42ZOp,0iEtIxbK0KxaSlF7G42ZOp
Gucci Mane,hip-hop,spotify:artist:13y7CgLHjMVRMDqxdx0Xdo,13y7CgLHjMVRMDqxdx0Xdo
Lil Yachty,hip-hop,spotify:artist:6icQOAFXDZKsumw3YXyusw,6icQOAFXDZKsumw3YXyusw
Big Sean,hip-hop,spotify:artist:0c173mlxpT3dSFRgMO8XPh,0c173mlxpT3dSFRgMO8XPh
NF,hip-hop,spotify:artist:6fOMl44jA4Sp5b9PpYCkzz,6fOMl44jA4Sp5b9PpYCkzz
Russ,hip-hop,spotify:artist:1z7b1Pr1rSlvWRzsW3HOrS,1z7b1Pr1rSlvWRzsW3HOrS
Kevin Gates,hip-hop,spotify:artist:1gPhS1zisyXr5dHTYZyiMe,1gPhS1zisyXr5dHTYZyiMe
21 Savage,hip-hop,spotify:artist:1URnnhqYAYcrqrcwql10ft,1URnnhqYAYcrqrcwql10ft
2 Chainz,hip-hop,spotify:artist:17lzZA2AlOHwCwFALHttmp,17lzZA2AlOHwCwFALHttmp
Young Thug,hip-hop,spotify:artist:50co4Is1HCEo8bhOyUWKpn,50co4Is1HCEo8bhOyUWKpn
Ty Dolla $ign,hip-hop,spotify:artist:7c0XG5cIJTrrAgEC3ULPiq,7c0XG5cIJTrrAgEC3ULPiq
$uicideBoy$,hip-hop,spotify:artist:1VPmR4DJC1PlOtd0IADAO0,1VPmR4DJC1PlOtd0IADAO0
A$AP Rocky,hip-hop,spotify:artist:13ubrt8QOOCPljQ2FL1Kca,13ubrt8QOOCPljQ2FL1Kca
Tory Lanez,hip-hop,spotify:artist:2jku7tDXc6XoB6MO2hFuqg,2jku7tDXc6XoB6MO2hFuqg
Sheck Wes,hip-hop,spotify:artist:2RDOrhPqAM4jzTRCEb19qX,2RDOrhPqAM4jzTRCEb19qX
"Tyler, The Creator",hip-hop,spotify:artist:4V8LLVI7PbaPR0K2TGSxFF,4V8LLVI7PbaPR0K2TGSxFF
Chance the Rapper,hip-hop,spotify:artist:1anyVhU62p31KFi8MEzkbf,1anyVhU62p31KFi8MEzkbf
Playboi Carti,hip-hop,spotify:artist:699OTQXzgjhIYAHMy9RyPD,699OTQXzgjhIYAHMy9RyPD
YG,hip-hop,spotify:artist:0A0FS04o6zMoto8OKPsDwY,0A0FS04o6zMoto8OKPsDwY
G-Eazy,hip-hop,spotify:artist:02kJSzxNuaWGqwubyUba0Z,02kJSzxNuaWGqwubyUba0Z
Rich The Kid,hip-hop,spotify:artist:1pPmIToKXyGdsCF6LmqLmI,1pPmIToKXyGdsCF6LmqLmI
Tyga,hip-hop,spotify:artist:5LHRHt1k9lMyONurDHEdrp,5LHRHt1k9lMyONurDHEdrp
French Montana,hip-hop,spotify:artist:6vXTefBL93Dj5IqAWq6OTv,6vXTefBL93Dj5IqAWq6OTv
NAV,hip-hop,spotify:artist:7rkW85dBwwrJtlHRDkJDAC,7rkW85dBwwrJtlHRDkJDAC
Childish Gambino,hip-hop,spotify:artist:73sIBHcqh3Z3NyqHKZ7FOL,73sIBHcqh3Z3NyqHKZ7FOL
Frank Ocean,hip-hop,spotify:artist:2h93pZq0e7k5yf4dywlkpM,2h93pZq0e7k5yf4dywlkpM
A Boogie Wit da Hoodie,hip-hop,spotify:artist:31W5EY0aAly4Qieq6OFu6I,31W5EY0aAly4Qieq6OFu6I
Joyner Lucas,hip-hop,spotify:artist:6C1ohJrd5VydigQtaGy5Wa,6C1ohJrd5VydigQtaGy5Wa
A$AP Ferg,hip-hop,spotify:artist:5dHt1vcEm9qb8fCyLcB3HL,5dHt1vcEm9qb8fCyLcB3HL
Nicky Jam,hip-hop,spotify:artist:1SupJlEpv7RS2tPNRaHViT,1SupJlEpv7RS2tPNRaHViT
Meek Mill,hip-hop,spotify:artist:20sxb77xiYeusSH8cVdatc,20sxb77xiYeusSH8cVdatc
JAY Z,hip-hop,spotify:artist:3nFkdlSjzX9mRTtwJOzDYB,3nFkdlSjzX9mRTtwJOzDYB
Rae Sremmurd,hip-hop,spotify:artist:7iZtZyCzp3LItcw1wtPI3D,7iZtZyCzp3LItcw1wtPI3D
Tee Grizzley,hip-hop,spotify:artist:6AUl0ykLLpvTktob97x9hO,6AUl0ykLLpvTktob97x9hO
Murda Beatz,hip-hop,spotify:artist:3CbYyyd8wH3RT6t0jwpdzC,3CbYyyd8wH3RT6t0jwpdzC
Jeremih,hip-hop,spotify:artist:3KV3p5EY4AvKxOlhGHORLg,3KV3p5EY4AvKxOlhGHORLg
Jaden Smith,hip-hop,spotify:artist:0xOeVMOz2fVg5BJY3N6akT,0xOeVMOz2fVg5BJY3N6akT
Daddy Yankee,hip-hop,spotify:artist:4VMYDCV2IEDYJArk749S6m,4VMYDCV2IEDYJArk749S6m
6LACK,hip-hop,spotify:artist:4IVAbR2w4JJNJDDRFP3E83,4IVAbR2w4JJNJDDRFP3E83
Juicy J,hip-hop,spotify:artist:5gCRApTajqwbnHHPbr2Fpi,5gCRApTajqwbnHHPbr2Fpi
Kid Cudi,hip-hop,spotify:artist:0fA0VVWsXO9YnASrzqfmYu,0fA0VVWsXO9YnASrzqfmYu
Machine Gun Kelly,hip-hop,spotify:artist:6TIYQ3jFPwQSRmorSezPxX,6TIYQ3jFPwQSRmorSezPxX
Takeoff,hip-hop,spotify:artist:3EW0kQ1skZiK1NHg3Spt9J,3EW0kQ1skZiK1NHg3Spt9J
ScHoolboy Q,hip-hop,spotify:artist:5IcR3N7QB1j6KBL8eImZ8m,5IcR3N7QB1j6KBL8eImZ8m
Vince Staples,hip-hop,spotify:artist:68kEuyFKyqrdQQLLsmiatm,68kEuyFKyqrdQQLLsmiatm
The Notorious B.I.G.,hip-hop,spotify:artist:5me0Irg2ANcsgc93uaYrpb,5me0Irg2ANcsgc93uaYrpb
BlocBoy JB,hip-hop,spotify:artist:4TEJudQY2pXxVHPE3gD2EU,4TEJudQY2pXxVHPE3gD2EU
MadeinTYO,hip-hop,spotify:artist:5SyGEPymt1G2uto47tVWvZ,5SyGEPymt1G2uto47tVWvZ
Ski Mask The Slump God,hip-hop,spotify:artist:2rhFzFmezpnW82MNqEKVry,2rhFzFmezpnW82MNqEKVry
BROCKHAMPTON,hip-hop,spotify:artist:1Bl6wpkWCQ4KVgnASpvzzA,1Bl6wpkWCQ4KVgnASpvzzA
T.I.,hip-hop,spotify:artist:4OBJLual30L7gRl5UkeRcT,4OBJLual30L7gRl5UkeRcT
Rick Ross,hip-hop,spotify:artist:1sBkRIssrMs1AbVkOJbc7a,1sBkRIssrMs1AbVkOJbc7a
Jay Rock,hip-hop,spotify:artist:28ExwzUQsvgJooOI0X1mr3,28ExwzUQsvgJooOI0X1mr3
Amin,hip-hop,spotify:artist:3Gm5F95VdRxW3mqCn8RPBJ,3Gm5F95VdRxW3mqCn8RPBJ
Yo Gotti,hip-hop,spotify:artist:6Ha4aES39QiVjR0L2lwuwq,6Ha4aES39QiVjR0L2lwuwq
SZA,hip-hop,spotify:artist:7tYKF4w9nC0nq9CsPZTHyP,7tYKF4w9nC0nq9CsPZTHyP
Lil Durk,hip-hop,spotify:artist:3hcs9uc56yIGFCSy9leWe7,3hcs9uc56yIGFCSy9leWe7
Chief Keef,hip-hop,spotify:artist:15iVAtD3s3FsQR4w1v6M0P,15iVAtD3s3FsQR4w1v6M0P
50 Cent,hip-hop,spotify:artist:3q7HBObVc0L8jNeTe5Gofh,3q7HBObVc0L8jNeTe5Gofh
Famous Dex,hip-hop,spotify:artist:0WOxhx4hikIsyF3CRPLC8W,0WOxhx4hikIsyF3CRPLC8W
Gorillaz,hip-hop,spotify:artist:3AA28KZvwAUcZuOKwyblJQ,3AA28KZvwAUcZuOKwyblJQ
Moneybagg Yo,hip-hop,spotify:artist:3tJoFztHeIJkJWMrx0td2f,3tJoFztHeIJkJWMrx0td2f
Anderson .Paak,hip-hop,spotify:artist:3jK9MiCrA42lLAdMGUZpwa,3jK9MiCrA42lLAdMGUZpwa
Landon Cube,hip-hop,spotify:artist:04ei5kNgmDuNAydFhhIHnD,04ei5kNgmDuNAydFhhIHnD
Snoop Dogg,hip-hop,spotify:artist:7hJcb9fa4alzcOq3EaNPoG,7hJcb9fa4alzcOq3EaNPoG
Rich Brian,hip-hop,spotify:artist:2IDLDx25HU1nQMKde4n61a,2IDLDx25HU1nQMKde4n61a
Shoreline Mafia,hip-hop,spotify:artist:4tYSBptyGeVyZsk8JC4JHZ,4tYSBptyGeVyZsk8JC4JHZ
T-Pain,hip-hop,spotify:artist:3aQeKQSyrW4qWr35idm0cy,3aQeKQSyrW4qWr35idm0cy
Darell,hip-hop,spotify:artist:1TtXnWcUs0FCkaZDPGYHdf,1TtXnWcUs0FCkaZDPGYHdf
DJ Khaled,hip-hop,spotify:artist:0QHgL1lAIqAw0HtD7YldmP,0QHgL1lAIqAw0HtD7YldmP
KYLE,hip-hop,spotify:artist:4qBgvVog0wzW75IQ48mU7v,4qBgvVog0wzW75IQ48mU7v
Pusha T,hip-hop,spotify:artist:0ONHkAv9pCAFxb0zJwDNTy,0ONHkAv9pCAFxb0zJwDNTy
Phora,hip-hop,spotify:artist:5XDJlfdfbGNJrOJJNxTcdq,5XDJlfdfbGNJrOJJNxTcdq
WizKid,hip-hop,spotify:artist:3tVQdUvClmAT7URs9V3rsp,3tVQdUvClmAT7URs9V3rsp
Joey Bada$$,hip-hop,spotify:artist:2P5sC9cVZDToPxyomzF1UH,2P5sC9cVZDToPxyomzF1UH
Bryson Tiller,hip-hop,spotify:artist:2EMAnMvWE2eb56ToJVfCWs,2EMAnMvWE2eb56ToJVfCWs
Tech N9ne,hip-hop,spotify:artist:6UBA15slIuadJ8h2lPRPos,6UBA15slIuadJ8h2lPRPos
Lil Xan,hip-hop,spotify:artist:3EXdLajEO02ziZ90P90bSW,3EXdLajEO02ziZ90P90bSW
Farruko,hip-hop,spotify:artist:329e4yvIujISKGKz1BZZbO,329e4yvIujISKGKz1BZZbO
Ludacris,hip-hop,spotify:artist:3ipn9JLAPI5GUEo4y4jcoi,3ipn9JLAPI5GUEo4y4jcoi
JID,hip-hop,spotify:artist:6U3ybJ9UHNKEdsH7ktGBZ7,6U3ybJ9UHNKEdsH7ktGBZ7
Dr. Dre,hip-hop,spotify:artist:6DPYiyq5kWVQS4RGwxzPC7,6DPYiyq5kWVQS4RGwxzPC7
Fetty Wap,hip-hop,spotify:artist:6PXS4YHDkKvl1wkIl4V8DL,6PXS4YHDkKvl1wkIl4V8DL
Smokepurpp,hip-hop,spotify:artist:21dooacK2WGBB5amYvKyfM,21dooacK2WGBB5amYvKyfM
Jeezy,hip-hop,spotify:artist:4yBK75WVCQXej1p04GWqxH,4yBK75WVCQXej1p04GWqxH
Arcangel,hip-hop,spotify:artist:4SsVbpTthjScTS7U2hmr1X,4SsVbpTthjScTS7U2hmr1X
Young Dolph,hip-hop,spotify:artist:3HiuzBlSW7pGDXlSFMhO2g,3HiuzBlSW7pGDXlSFMhO2g
Lil Dicky,hip-hop,spotify:artist:1tqhsYv8yBBdwANFNzHtcr,1tqhsYv8yBBdwANFNzHtcr
Swizz Beatz,hip-hop,spotify:artist:2cADQgiLMjNhbsfeN52Bf3,2cADQgiLMjNhbsfeN52Bf3
Leon Bridges,blues,spotify:artist:3qnGvpP8Yth1AqSBMqON5x,3qnGvpP8Yth1AqSBMqON5x
The Black Keys,blues,spotify:artist:7mnBLXK823vNxN3UWB7Gfz,7mnBLXK823vNxN3UWB7Gfz
Greta Van Fleet,blues,spotify:artist:4NpFxQe2UvRCAjto3JqlSl,4NpFxQe2UvRCAjto3JqlSl
The White Stripes,blues,spotify:artist:4F84IBURUo98rz4r61KF70,4F84IBURUo98rz4r61KF70
Cage The Elephant,blues,spotify:artist:26T3LtbuGT1Fu9m0eRq5X3,26T3LtbuGT1Fu9m0eRq5X3
Santana,blues,spotify:artist:6GI52t8N5F02MxU0g5U69P,6GI52t8N5F02MxU0g5U69P
Lynyrd Skynyrd,blues,spotify:artist:4MVyzYMgTwdP7Z49wAZHx0,4MVyzYMgTwdP7Z49wAZHx0
Eric Clapton,blues,spotify:artist:6PAt558ZEZl0DmdXlnjMgD,6PAt558ZEZl0DmdXlnjMgD
Jimi Hendrix,blues,spotify:artist:776Uo845nYHJpNaStv1Ds4,776Uo845nYHJpNaStv1Ds4
Aretha Franklin,blues,spotify:artist:7nwUJBm0HE4ZxD3f5cy5ok,7nwUJBm0HE4ZxD3f5cy5ok
Gary Clark Jr.,blues,spotify:artist:01aC2ikO4Xgb2LUpf9JfKp,01aC2ikO4Xgb2LUpf9JfKp
Stevie Ray Vaughan,blues,spotify:artist:5fsDcuclIe8ZiBD5P787K1,5fsDcuclIe8ZiBD5P787K1
Ella Fitzgerald,blues,spotify:artist:5V0MlUE1Bft0mbLlND7FJz,5V0MlUE1Bft0mbLlND7FJz
The Allman Brothers Band,blues,spotify:artist:4wQ3PyMz3WwJGI5uEqHUVR,4wQ3PyMz3WwJGI5uEqHUVR
Ray Charles,blues,spotify:artist:1eYhYunlNJlDoQhtYBvPsi,1eYhYunlNJlDoQhtYBvPsi
Etta James,blues,spotify:artist:0iOVhN3tnSvgDbcg25JoJb,0iOVhN3tnSvgDbcg25JoJb
Otis Redding,blues,spotify:artist:60df5JBRRPcnSpsIMxxwQm,60df5JBRRPcnSpsIMxxwQm
B.B. King,blues,spotify:artist:5xLSa7l4IV1gsQfhAMvl0U,5xLSa7l4IV1gsQfhAMvl0U
Phish,blues,spotify:artist:5wbIWUzTPuTxTyG6ouQKqz,5wbIWUzTPuTxTyG6ouQKqz
ZZ Top,blues,spotify:artist:2AM4ilv6UzW0uMRuqKtDgN,2AM4ilv6UzW0uMRuqKtDgN
Steely Dan,blues,spotify:artist:6P7H3ai06vU1sGvdpBwDmE,6P7H3ai06vU1sGvdpBwDmE
Al Green,blues,spotify:artist:3dkbV4qihUeMsqN4vBGg93,3dkbV4qihUeMsqN4vBGg93
Jack White,blues,spotify:artist:4FZ3j1oH43e7cukCALsCwf,4FZ3j1oH43e7cukCALsCwf
Louis Prima,blues,spotify:artist:52lBOxCxbJg0ttXEW9CQpW,52lBOxCxbJg0ttXEW9CQpW
Janis Joplin,blues,spotify:artist:4NgfOZCL9Ml67xzM0xzIvC,4NgfOZCL9Ml67xzM0xzIvC
Queens of the Stone Age,blues,spotify:artist:4pejUc4iciQfgdX6OKulQn,4pejUc4iciQfgdX6OKulQn
Blue yster Cult,blues,spotify:artist:00tVTdpEhQQw1bqdu8RCx2,00tVTdpEhQQw1bqdu8RCx2
Steve Miller Band,blues,spotify:artist:6QtGlUje9TIkLrgPZrESuk,6QtGlUje9TIkLrgPZrESuk
Chuck Berry,blues,spotify:artist:293zczrfYafIItmnmM3coR,293zczrfYafIItmnmM3coR
Joe Bonamassa,blues,spotify:artist:2SNzxY1OsSCHBLVi77mpPQ,2SNzxY1OsSCHBLVi77mpPQ
Taj Mahal,blues,spotify:artist:1aTDTChWWyiJH3SEnYrdVp,1aTDTChWWyiJH3SEnYrdVp
Cream,blues,spotify:artist:74oJ4qxwOZvX6oSsu1DGnw,74oJ4qxwOZvX6oSsu1DGnw
Nina Simone,blues,spotify:artist:7G1GBhoKtEPnP86X2PvEYO,7G1GBhoKtEPnP86X2PvEYO
Billie Holiday,blues,spotify:artist:1YzCsTRb22dQkh9lghPIrp,1YzCsTRb22dQkh9lghPIrp
Derek & The Dominos,blues,spotify:artist:2rc78XDH9zuJP6bm78lU8Z,2rc78XDH9zuJP6bm78lU8Z
Tedeschi Trucks Band,blues,spotify:artist:2gFsmDBM0hkoZPmrO5EdyO,2gFsmDBM0hkoZPmrO5EdyO
Blind Melon,blues,spotify:artist:5sD1ZLf2dGQ9gQ3YJl1eAd,5sD1ZLf2dGQ9gQ3YJl1eAd
Keb' Mo',blues,spotify:artist:6iDaoPZVgxrTkndDCisX8F,6iDaoPZVgxrTkndDCisX8F
Anderson East,blues,spotify:artist:5q6z6GTth6lMbL9I8CAgby,5q6z6GTth6lMbL9I8CAgby
Royal Blood,blues,spotify:artist:2S5hlvw4CMtMGswFtfdK15,2S5hlvw4CMtMGswFtfdK15
Carlos Santana,blues,spotify:artist:7yGQgQiiKpg2k00JXf8hJk,7yGQgQiiKpg2k00JXf8hJk
Dr. John,blues,spotify:artist:320TrJub4arztwXRm7kqVO,320TrJub4arztwXRm7kqVO
Whitesnake,blues,spotify:artist:3UbyYnvNIT5DFXU4WgiGpP,3UbyYnvNIT5DFXU4WgiGpP
The Arcs,blues,spotify:artist:3mVWMgLc7bcyCBtL2ymZwK,3mVWMgLc7bcyCBtL2ymZwK
Muddy Waters,blues,spotify:artist:4y6J8jwRAwO4dssiSmN91R,4y6J8jwRAwO4dssiSmN91R
Bad Company,blues,spotify:artist:5AEG63ajney2BoDXi0Vb84,5AEG63ajney2BoDXi0Vb84
The Animals,blues,spotify:artist:3ICflSq6ZgYAIrm2CTkfVP,3ICflSq6ZgYAIrm2CTkfVP
Buddy Guy,blues,spotify:artist:2gCsNOpiBaMNh20jQ5prf0,2gCsNOpiBaMNh20jQ5prf0
J.J. Cale,blues,spotify:artist:06nsZ3qSOYZ2hPVIMcr1IN,06nsZ3qSOYZ2hPVIMcr1IN
The Wood Brothers,blues,spotify:artist:6FxuPrpa8phaP3Xn73emhT,6FxuPrpa8phaP3Xn73emhT
Kenny Wayne Shepherd,blues,spotify:artist:1riHqX633Kup3mJAw8WR8p,1riHqX633Kup3mJAw8WR8p
Ted Nugent,blues,spotify:artist:21ysNsPzHdqYN2fQ75ZswG,21ysNsPzHdqYN2fQ75ZswG
Little Feat,blues,spotify:artist:0ZIwOAzDuGPspzK7yiTc4S,0ZIwOAzDuGPspzK7yiTc4S
Smokey Robinson & The Miracles,blues,spotify:artist:6TKOZZDd5uV5KnyC5G4MUt,6TKOZZDd5uV5KnyC5G4MUt
Thin Lizzy,blues,spotify:artist:6biWAmrHyiMkX49LkycGqQ,6biWAmrHyiMkX49LkycGqQ
George Thorogood & The Destroyers,blues,spotify:artist:4n31svBA9GGIYxGxgrQaRK,4n31svBA9GGIYxGxgrQaRK
The Marcus King Band,blues,spotify:artist:0tgaHqkU1p7QhBUIzKXVU9,0tgaHqkU1p7QhBUIzKXVU9
Deep Purple,blues,spotify:artist:568ZhdwyaiCyOGJRtNYhWf,568ZhdwyaiCyOGJRtNYhWf
"Crosby, Stills, Nash & Young",blues,spotify:artist:1CYsQCypByMVgnv17qsSbQ,1CYsQCypByMVgnv17qsSbQ
Baaba Maal,blues,spotify:artist:49z6oAiD2RpyUf5yLJs7Nf,49z6oAiD2RpyUf5yLJs7Nf
Jefferson Airplane,blues,spotify:artist:2qFr8w5sWUITRlzZ9kZotF,2qFr8w5sWUITRlzZ9kZotF
The Heavy,blues,spotify:artist:0bZCak2tcRMY1dzEIuwF42,0bZCak2tcRMY1dzEIuwF42
Eagles Of Death Metal,blues,spotify:artist:02uYdhMhCgdB49hZlYRm9o,02uYdhMhCgdB49hZlYRm9o
The Platters,blues,spotify:artist:6KWcxMWVNVIYbdOQyJtsSy,6KWcxMWVNVIYbdOQyJtsSy
Screamin' Jay Hawkins,blues,spotify:artist:3VBpsrUi2vV7Uj87ONHu7Z,3VBpsrUi2vV7Uj87ONHu7Z
Dan Auerbach,blues,spotify:artist:6YWdHD3R863Apw1hkx3BwC,6YWdHD3R863Apw1hkx3BwC
John Lee Hooker,blues,spotify:artist:1yNOfXGQNGjAynk77wv85x,1yNOfXGQNGjAynk77wv85x
Peter Frampton,blues,spotify:artist:0543y7yrvny4KymoaneT4W,0543y7yrvny4KymoaneT4W
Susan Tedeschi,blues,spotify:artist:5Ws3s6lSP4Un8kQf8CrAta,5Ws3s6lSP4Un8kQf8CrAta
KONGOS,blues,spotify:artist:58R5LHkK3vkmEyGUPOR5kS,58R5LHkK3vkmEyGUPOR5kS
The Band,blues,spotify:artist:4vpDg7Y7fU982Ds30zawDA,4vpDg7Y7fU982Ds30zawDA
Elvin Bishop,blues,spotify:artist:2G1yVp387GlUf9yvLk6V11,2G1yVp387GlUf9yvLk6V11
Dorothy,blues,spotify:artist:6IOvhXyk5edbA2DVaeP9Up,6IOvhXyk5edbA2DVaeP9Up
Canned Heat,blues,spotify:artist:27a0GiCba9K9lnkKidroFU,27a0GiCba9K9lnkKidroFU
Clutch,blues,spotify:artist:161AC1AVRkIGIMxyj5djFQ,161AC1AVRkIGIMxyj5djFQ
Jerry Garcia,blues,spotify:artist:3QDaXfnxfQqqJQK5lSdjLN,3QDaXfnxfQqqJQK5lSdjLN
Gov't Mule,blues,spotify:artist:5zoKOcTDI9EMOhGNaxL708,5zoKOcTDI9EMOhGNaxL708
Black Rebel Motorcycle Club,blues,spotify:artist:1tpXaFf2F55E7kVJON4j4G,1tpXaFf2F55E7kVJON4j4G
"Crosby, Stills & Nash",blues,spotify:artist:2pdvghEHZJtgSXZ7cvNLou,2pdvghEHZJtgSXZ7cvNLou
Wolfmother,blues,spotify:artist:3yEnArbNHyTCwMRvD9SBy4,3yEnArbNHyTCwMRvD9SBy4
Howlin' Wolf,blues,spotify:artist:0Wxy5Qka8BN9crcFkiAxSR,0Wxy5Qka8BN9crcFkiAxSR
Fats Domino,blues,spotify:artist:09C0xjtosNAIXP36wTnWxd,09C0xjtosNAIXP36wTnWxd
The Marshall Tucker Band,blues,spotify:artist:59QxeZBL6k9L4oJBGSyukd,59QxeZBL6k9L4oJBGSyukd
Traffic,blues,spotify:artist:1CD77o9fbdyQFrHnUPUEsF,1CD77o9fbdyQFrHnUPUEsF
Faces,blues,spotify:artist:3v4feUQnU3VEUqFrjmtekL,3v4feUQnU3VEUqFrjmtekL
Joe Cocker,blues,spotify:artist:3pFCERyEiP5xeN2EsPXhjI,3pFCERyEiP5xeN2EsPXhjI
Foghat,blues,spotify:artist:6x33CmZWo2Ve4hxYl2Craq,6x33CmZWo2Ve4hxYl2Craq
Steppenwolf,blues,spotify:artist:1WRM9i067hd2ujxxi8FI3m,1WRM9i067hd2ujxxi8FI3m
Ty Segall,blues,spotify:artist:58XGUNsRNu3cVOIOYk5chx,58XGUNsRNu3cVOIOYk5chx
Joe Walsh,blues,spotify:artist:5bDxAyJiTYBat1YnFJhvEK,5bDxAyJiTYBat1YnFJhvEK
Buffalo Springfield,blues,spotify:artist:3eskO5m0H4yiF64vRySBjr,3eskO5m0H4yiF64vRySBjr
Big Brother & The Holding Company,blues,spotify:artist:4J69yWrKwWJgjv3DKTZcGo,4J69yWrKwWJgjv3DKTZcGo
The Raconteurs,blues,spotify:artist:4wo1267SJuUfHgasdlfNfc,4wo1267SJuUfHgasdlfNfc
Bonnie Raitt,blues,spotify:artist:4KDyYWR7IpxZ7xrdYbKrqY,4KDyYWR7IpxZ7xrdYbKrqY
Beth Hart,blues,spotify:artist:30TrHDLNCKQVTYWOn9QqOC,30TrHDLNCKQVTYWOn9QqOC
Free,blues,spotify:artist:2e53aHBQdCMKWqHDuyJsjC,2e53aHBQdCMKWqHDuyJsjC
The Black Crowes,blues,spotify:artist:5krkohEVJYw0qoB5VWwxaC,5krkohEVJYw0qoB5VWwxaC
JJ Grey & Mofro,blues,spotify:artist:1Jl8u1U1GtBlwocZK5LWZv,1Jl8u1U1GtBlwocZK5LWZv
The Yardbirds,blues,spotify:artist:2lxX1ivRYp26soIavdG9bX,2lxX1ivRYp26soIavdG9bX
The Guess Who,blues,spotify:artist:0cQuYRSzlItquYxsQKDvVc,0cQuYRSzlItquYxsQKDvVc
Khalid,indie,spotify:artist:6LuN9FCkKOj5PcnpouEgny,6LuN9FCkKOj5PcnpouEgny
Halsey,indie,spotify:artist:26VFTg2z8YR0cCuwLzESi2,26VFTg2z8YR0cCuwLzESi2
G-Eazy,indie,spotify:artist:02kJSzxNuaWGqwubyUba0Z,02kJSzxNuaWGqwubyUba0Z
Anderson .Paak,indie,spotify:artist:3jK9MiCrA42lLAdMGUZpwa,3jK9MiCrA42lLAdMGUZpwa
Rex Orange County,indie,spotify:artist:7pbDxGE6nQSZVfiFdq9lOL,7pbDxGE6nQSZVfiFdq9lOL
Daniel Caesar,indie,spotify:artist:20wkVLutqVOYrc0kxFs7rA,20wkVLutqVOYrc0kxFs7rA
H.E.R.,indie,spotify:artist:3Y7RZ31TRPVadSFVy1o8os,3Y7RZ31TRPVadSFVy1o8os
6LACK,indie,spotify:artist:4IVAbR2w4JJNJDDRFP3E83,4IVAbR2w4JJNJDDRFP3E83
Tory Lanez,indie,spotify:artist:2jku7tDXc6XoB6MO2hFuqg,2jku7tDXc6XoB6MO2hFuqg
BROCKHAMPTON,indie,spotify:artist:1Bl6wpkWCQ4KVgnASpvzzA,1Bl6wpkWCQ4KVgnASpvzzA
Ella Mai,indie,spotify:artist:7HkdQ0gt53LP4zmHsL0nap,7HkdQ0gt53LP4zmHsL0nap
Frank Ocean,indie,spotify:artist:2h93pZq0e7k5yf4dywlkpM,2h93pZq0e7k5yf4dywlkpM
Amin,indie,spotify:artist:3Gm5F95VdRxW3mqCn8RPBJ,3Gm5F95VdRxW3mqCn8RPBJ
Quinn XCII,indie,spotify:artist:3ApUX1o6oSz321MMECyIYd,3ApUX1o6oSz321MMECyIYd
SZA,indie,spotify:artist:7tYKF4w9nC0nq9CsPZTHyP,7tYKF4w9nC0nq9CsPZTHyP
Miguel,indie,spotify:artist:360IAlyVv4PCEVjgyMZrxK,360IAlyVv4PCEVjgyMZrxK
Vance Joy,indie,spotify:artist:10exVja0key0uqUkk6LJRT,10exVja0key0uqUkk6LJRT
Kehlani,indie,spotify:artist:0cGUm45nv7Z6M6qdXYQGTX,0cGUm45nv7Z6M6qdXYQGTX
Bryson Tiller,indie,spotify:artist:2EMAnMvWE2eb56ToJVfCWs,2EMAnMvWE2eb56ToJVfCWs
Jeremih,indie,spotify:artist:3KV3p5EY4AvKxOlhGHORLg,3KV3p5EY4AvKxOlhGHORLg
Arctic Monkeys,indie,spotify:artist:7Ln80lUS6He07XvHI8qqHH,7Ln80lUS6He07XvHI8qqHH
Kali Uchis,indie,spotify:artist:1U1el3k54VvEUzo3ybLPlM,1U1el3k54VvEUzo3ybLPlM
The Lumineers,indie,spotify:artist:16oZKvXb6WkQlVAjwo2Wbg,16oZKvXb6WkQlVAjwo2Wbg
Oh Wonder,indie,spotify:artist:5cIc3SBFuBLVxJz58W2tU9,5cIc3SBFuBLVxJz58W2tU9
Jhene Aiko,indie,spotify:artist:5ZS223C6JyBfXasXxrRqOk,5ZS223C6JyBfXasXxrRqOk
The Killers,indie,spotify:artist:0C0XlULifJtAgn6ZNCW2eu,0C0XlULifJtAgn6ZNCW2eu
Trey Songz,indie,spotify:artist:2iojnBLj0qIMiKPvVhLnsH,2iojnBLj0qIMiKPvVhLnsH
Young the Giant,indie,spotify:artist:4j56EQDQu5XnL7R3E9iFJT,4j56EQDQu5XnL7R3E9iFJT
Mac DeMarco,indie,spotify:artist:3Sz7ZnJQBIHsXLUSo0OQtM,3Sz7ZnJQBIHsXLUSo0OQtM
Foster The People,indie,spotify:artist:7gP3bB2nilZXLfPHJhMdvc,7gP3bB2nilZXLfPHJhMdvc
alt-J,indie,spotify:artist:3XHO7cRUPCLOr6jwp8vsx5,3XHO7cRUPCLOr6jwp8vsx5
EDEN,indie,spotify:artist:1t20wYnTiAT0Bs7H1hv9Wt,1t20wYnTiAT0Bs7H1hv9Wt
Bryce Vine,indie,spotify:artist:1ShZZUjkbXCjhwrb18BA8I,1ShZZUjkbXCjhwrb18BA8I
Chelsea Cutler,indie,spotify:artist:5JMLG56F1X5mFmWNmS0iAp,5JMLG56F1X5mFmWNmS0iAp
Jeremy Zucker,indie,spotify:artist:3gIRvgZssIb9aiirIg0nI3,3gIRvgZssIb9aiirIg0nI3
Elley Duh,indie,spotify:artist:67MNhiAICFY6Pwc2YxCO0K,67MNhiAICFY6Pwc2YxCO0K
Cage The Elephant,indie,spotify:artist:26T3LtbuGT1Fu9m0eRq5X3,26T3LtbuGT1Fu9m0eRq5X3
Lord Huron,indie,spotify:artist:6ltzsmQQbmdoHHbLZ4ZN25,6ltzsmQQbmdoHHbLZ4ZN25
Bon Iver,indie,spotify:artist:4LEiUm1SRbFMgfqnQTwUbQ,4LEiUm1SRbFMgfqnQTwUbQ
Marc E. Bassy,indie,spotify:artist:3tQx1LPXbsYjE9VwN1Peaa,3tQx1LPXbsYjE9VwN1Peaa
PARTYNEXTDOOR,indie,spotify:artist:2HPaUgqeutzr3jx5a9WyDV,2HPaUgqeutzr3jx5a9WyDV
MGMT,indie,spotify:artist:0SwO7SWeDHJijQ3XNS7xEE,0SwO7SWeDHJijQ3XNS7xEE
James Blake,indie,spotify:artist:53KwLdlmrlCelAZMaLVZqU,53KwLdlmrlCelAZMaLVZqU
Alina Baraz,indie,spotify:artist:6hfwwpXqZPRC9CsKI7qtv1,6hfwwpXqZPRC9CsKI7qtv1
Hippo Campus,indie,spotify:artist:1btWGBz4Uu1HozTwb2Lm8A,1btWGBz4Uu1HozTwb2Lm8A
Kings of Leon,indie,spotify:artist:2qk9voo8llSGYcZ6xrBzKx,2qk9voo8llSGYcZ6xrBzKx
BRNS,indie,spotify:artist:1KP6TWI40m7p3QBTU6u2xo,1KP6TWI40m7p3QBTU6u2xo
Olivia O'Brien,indie,spotify:artist:1QRj3hoop9Mv5VvHQkwPEp,1QRj3hoop9Mv5VvHQkwPEp
MAX,indie,spotify:artist:1bqxdqvUtPWZri43cKHac8,1bqxdqvUtPWZri43cKHac8
Masego,indie,spotify:artist:3ycxRkcZ67ALN3GQJ57Vig,3ycxRkcZ67ALN3GQJ57Vig
Clairo,indie,spotify:artist:3l0CmX0FuQjFxr8SK7Vqag,3l0CmX0FuQjFxr8SK7Vqag
Rainbow Kitten Surprise,indie,spotify:artist:4hz8tIajF2INpgM0qzPJz2,4hz8tIajF2INpgM0qzPJz2
The Head and the Heart,indie,spotify:artist:0n94vC3S9c3mb2HyNAOcjg,0n94vC3S9c3mb2HyNAOcjg
Death Cab for Cutie,indie,spotify:artist:0YrtvWJMgSdVrk3SfNjTbx,0YrtvWJMgSdVrk3SfNjTbx
Mike Stud,indie,spotify:artist:5G9kmDLg3OeUyj8KVBLzbu,5G9kmDLg3OeUyj8KVBLzbu
WALK THE MOON,indie,spotify:artist:6DIS6PRrLS3wbnZsf7vYic,6DIS6PRrLS3wbnZsf7vYic
Dermot Kennedy,indie,spotify:artist:5KNNVgR6LBIABRIomyCwKJ,5KNNVgR6LBIABRIomyCwKJ
Sufjan Stevens,indie,spotify:artist:4MXUO7sVCaFgFjoTI5ox5c,4MXUO7sVCaFgFjoTI5ox5c
Portugal. The Man,indie,spotify:artist:4kI8Ie27vjvonwaB2ePh8T,4kI8Ie27vjvonwaB2ePh8T
Grouplove,indie,spotify:artist:3kVUvbeRdcrqQ3oHk5hPdx,3kVUvbeRdcrqQ3oHk5hPdx
Summer Walker,indie,spotify:artist:57LYzLEk2LcFghVwuWbcuS,57LYzLEk2LcFghVwuWbcuS
Sabrina Claudio,indie,spotify:artist:30DhU7BDmF4PH0JVhu8ZRg,30DhU7BDmF4PH0JVhu8ZRg
boy pablo,indie,spotify:artist:7wbkl3zgDZEoZer357mVIw,7wbkl3zgDZEoZer357mVIw
Steve Lacy,indie,spotify:artist:57vWImR43h4CaDao012Ofp,57vWImR43h4CaDao012Ofp
Sasha Sloan,indie,spotify:artist:4xnihxcoXWK3UqryOSnbw5,4xnihxcoXWK3UqryOSnbw5
Smino,indie,spotify:artist:1ybINI1qPiFbwDXamRtwxD,1ybINI1qPiFbwDXamRtwxD
Modest Mouse,indie,spotify:artist:1yAwtBaoHLEDWAnWR87hBT,1yAwtBaoHLEDWAnWR87hBT
lovelytheband,indie,spotify:artist:4KJ6jujcNPzOyhdNoiNftp,4KJ6jujcNPzOyhdNoiNftp
Whethan,indie,spotify:artist:0vqJkZ0RpLZixt3lTmD8vP,0vqJkZ0RpLZixt3lTmD8vP
Jaira Burns,indie,spotify:artist:0tRFWXqKBBQcu5oFVOgVzX,0tRFWXqKBBQcu5oFVOgVzX
Empress Of,indie,spotify:artist:5QuBVnBPEzwYvFrgBbwpmU,5QuBVnBPEzwYvFrgBbwpmU
Wale,indie,spotify:artist:67nwj3Y5sZQLl72VNUHEYE,67nwj3Y5sZQLl72VNUHEYE
Kiiara,indie,spotify:artist:4u5smJBskI6Adzv08PuiUP,4u5smJBskI6Adzv08PuiUP
Jacquees,indie,spotify:artist:4tMm1dU6Gn04VAZ9ClHcIZ,4tMm1dU6Gn04VAZ9ClHcIZ
Gryffin,indie,spotify:artist:2ZRQcIgzPCVaT9XKhXZIzh,2ZRQcIgzPCVaT9XKhXZIzh
Jorja Smith,indie,spotify:artist:1CoZyIx7UvdxT5c8UkMzHd,1CoZyIx7UvdxT5c8UkMzHd
The National,indie,spotify:artist:2cCUtGK9sDU2EoElnk0GNB,2cCUtGK9sDU2EoElnk0GNB
Charli XCX,indie,spotify:artist:25uiPmTg16RbhZWAqwLBy5,25uiPmTg16RbhZWAqwLBy5
Bruno Major,indie,spotify:artist:0hDjKSKjl1DC7ovYTDJHe8,0hDjKSKjl1DC7ovYTDJHe8
Arcade Fire,indie,spotify:artist:3kjuyTCjPG1WMFCiyc5IuB,3kjuyTCjPG1WMFCiyc5IuB
Phoebe Bridgers,indie,spotify:artist:1r1uxoy19fzMxunt3ONAkG,1r1uxoy19fzMxunt3ONAkG
The Growlers,indie,spotify:artist:2RhgnQNC74QoBlaUvT4MEe,2RhgnQNC74QoBlaUvT4MEe
Bad Suns,indie,spotify:artist:0YhUSm86okLWldQVwJkLlP,0YhUSm86okLWldQVwJkLlP
Marina and the Diamonds,indie,spotify:artist:6CwfuxIqcltXDGjfZsMd9A,6CwfuxIqcltXDGjfZsMd9A
Two Feet,indie,spotify:artist:5sWHDYs0csV6RS48xBl0tH,5sWHDYs0csV6RS48xBl0tH
Vampire Weekend,indie,spotify:artist:5BvJzeQpmsdsFp4HGUYUEx,5BvJzeQpmsdsFp4HGUYUEx
Fitz and The Tantrums,indie,spotify:artist:4AcHt3JxKy59IX7JNNlZn4,4AcHt3JxKy59IX7JNNlZn4
Fleet Foxes,indie,spotify:artist:4EVpmkEwrLYEg6jIsiPMIb,4EVpmkEwrLYEg6jIsiPMIb
Witt Lowry,indie,spotify:artist:5ghnxpW47ojtLHHyTLdxdY,5ghnxpW47ojtLHHyTLdxdY
RKCB,indie,spotify:artist:4QDvXnbmw1znkqkK1119Fc,4QDvXnbmw1znkqkK1119Fc
GoldLink,indie,spotify:artist:5XenQ7XfcvQdfIbpLEFaKQ,5XenQ7XfcvQdfIbpLEFaKQ
The Avett Brothers,indie,spotify:artist:196lKsA13K3keVXMDFK66q,196lKsA13K3keVXMDFK66q
Of Monsters and Men,indie,spotify:artist:4dwdTW1Lfiq0cM8nBAqIIz,4dwdTW1Lfiq0cM8nBAqIIz
Mac Ayres,indie,spotify:artist:0fTav4sBLmYOAzKuJw0grL,0fTav4sBLmYOAzKuJw0grL
The Walters,indie,spotify:artist:027TpXKGwdXP7iwbjUSpV8,027TpXKGwdXP7iwbjUSpV8
Two Door Cinema Club,indie,spotify:artist:536BYVgOnRky0xjsPT96zl,536BYVgOnRky0xjsPT96zl
SYML,indie,spotify:artist:6AyATGg7mDgBlZ4N5uNog0,6AyATGg7mDgBlZ4N5uNog0
Brent Faiyaz,indie,spotify:artist:3tlXnStJ1fFhdScmQeLpuG,3tlXnStJ1fFhdScmQeLpuG
Tom Misch,indie,spotify:artist:1uiEZYehlNivdK3iQyAbye,1uiEZYehlNivdK3iQyAbye
Mitski,indie,spotify:artist:2uYWxilOVlUdk4oV9DvwqK,2uYWxilOVlUdk4oV9DvwqK
Florida Georgia Line,country,spotify:artist:3b8QkneNDz4JHKKKlLgYZg,3b8QkneNDz4JHKKKlLgYZg
Luke Combs,country,spotify:artist:718COspgdWOnwOFpJHRZHS,718COspgdWOnwOFpJHRZHS
Kane Brown,country,spotify:artist:3oSJ7TBVCWMDMiYjXNiCKE,3oSJ7TBVCWMDMiYjXNiCKE
Jason Aldean,country,spotify:artist:3FfvYsEGaIb52QPXhg4DcH,3FfvYsEGaIb52QPXhg4DcH
Dan + Shay,country,spotify:artist:7z5WFjZAIYejWy0NI5lv4T,7z5WFjZAIYejWy0NI5lv4T
Luke Bryan,country,spotify:artist:0BvkDsjIUla7X0k6CSWh1I,0BvkDsjIUla7X0k6CSWh1I
Thomas Rhett,country,spotify:artist:6x2LnllRG5uGarZMsD4iO8,6x2LnllRG5uGarZMsD4iO8
Kenny Chesney,country,spotify:artist:3grHWM9bx2E9vwJCdlRv9O,3grHWM9bx2E9vwJCdlRv9O
Eric Church,country,spotify:artist:2IvkS5MXK0vPGnwyJsrEyV,2IvkS5MXK0vPGnwyJsrEyV
Tim McGraw,country,spotify:artist:6roFdX1y5BYSbp60OTJWMd,6roFdX1y5BYSbp60OTJWMd
Chris Stapleton,country,spotify:artist:4YLtscXsxbVgi031ovDDdh,4YLtscXsxbVgi031ovDDdh
Blake Shelton,country,spotify:artist:1UTPBmNbXNTittyMJrNkvw,1UTPBmNbXNTittyMJrNkvw
Keith Urban,country,spotify:artist:0u2FHSq3ln94y5Q57xazwf,0u2FHSq3ln94y5Q57xazwf
George Strait,country,spotify:artist:5vngPClqofybhPERIqQMYd,5vngPClqofybhPERIqQMYd
Zac Brown Band,country,spotify:artist:6yJCxee7QumYr820xdIsjo,6yJCxee7QumYr820xdIsjo
Johnny Cash,country,spotify:artist:6kACVPfCOnqzgfEF5ryl0x,6kACVPfCOnqzgfEF5ryl0x
Old Dominion,country,spotify:artist:6y8XlgIV8BLlIg1tT1R10i,6y8XlgIV8BLlIg1tT1R10i
Dierks Bentley,country,spotify:artist:7x8nK0m0cP2ksQf0mjWdPS,7x8nK0m0cP2ksQf0mjWdPS
Sam Hunt,country,spotify:artist:2kucQ9jQwuD8jWdtR9Ef38,2kucQ9jQwuD8jWdtR9Ef38
Maren Morris,country,spotify:artist:6WY7D3jk8zTrHtmkqqo5GI,6WY7D3jk8zTrHtmkqqo5GI
Carrie Underwood,country,spotify:artist:4xFUf1FHVy696Q1JQZMTRj,4xFUf1FHVy696Q1JQZMTRj
Rascal Flatts,country,spotify:artist:0a1gHP0HAqALbEyxaD5Ngn,0a1gHP0HAqALbEyxaD5Ngn
Chris Young,country,spotify:artist:4BYxqVkZyFjtik7crYLg5Q,4BYxqVkZyFjtik7crYLg5Q
Brett Young,country,spotify:artist:0fiWOxhsBsQQvFDtxUQWo0,0fiWOxhsBsQQvFDtxUQWo0
Kelsea Ballerini,country,spotify:artist:3RqBeV12Tt7A8xH3zBDDUF,3RqBeV12Tt7A8xH3zBDDUF
Alan Jackson,country,spotify:artist:4mxWe1mtYIYfP040G38yvS,4mxWe1mtYIYfP040G38yvS
Cole Swindell,country,spotify:artist:1mfDfLsMxYcOOZkzBxvSVW,1mfDfLsMxYcOOZkzBxvSVW
Jon Pardi,country,spotify:artist:4MoAOfV4ROWofLG3a3hhBN,4MoAOfV4ROWofLG3a3hhBN
Miranda Lambert,country,spotify:artist:66lH4jAE7pqPlOlzUKbwA0,66lH4jAE7pqPlOlzUKbwA0
Dustin Lynch,country,spotify:artist:1dID9zgn0OV0Y8ud7Mh2tS,1dID9zgn0OV0Y8ud7Mh2tS
Toby Keith,country,spotify:artist:2bA6fzP0lMAQ4kz6CF61w8,2bA6fzP0lMAQ4kz6CF61w8
Lee Brice,country,spotify:artist:5Zq7R5qmi58ByYyBQTlNuk,5Zq7R5qmi58ByYyBQTlNuk
Brantley Gilbert,country,spotify:artist:5q8HGNo0BjLWaTAhRtbwxa,5q8HGNo0BjLWaTAhRtbwxa
Upchurch,country,spotify:artist:2pSObt5Fk8izuX8ZfI3jRn,2pSObt5Fk8izuX8ZfI3jRn
Billy Currington,country,spotify:artist:1By9QBFnjZAoI83BZppHlt,1By9QBFnjZAoI83BZppHlt
Jake Owen,country,spotify:artist:1n2pb9Tsfe4SwAjmUac6YT,1n2pb9Tsfe4SwAjmUac6YT
Darius Rucker,country,spotify:artist:7FY5V3XMwlNBPitEjXowHQ,7FY5V3XMwlNBPitEjXowHQ
Kacey Musgraves,country,spotify:artist:70kkdajctXSbqSMJbQO424,70kkdajctXSbqSMJbQO424
Brett Eldredge,country,spotify:artist:0qSX3s5pJnAlSsgsCne8Cz,0qSX3s5pJnAlSsgsCne8Cz
Brad Paisley,country,spotify:artist:13YmWQJFwgZrd4bf5IjMY4,13YmWQJFwgZrd4bf5IjMY4
Rodney Atkins,country,spotify:artist:2qgvmDsc4jrqbAbjq1HGM2,2qgvmDsc4jrqbAbjq1HGM2
Brothers Osborne,country,spotify:artist:39NR3AUhpbbqKM33vWn2fp,39NR3AUhpbbqKM33vWn2fp
Jordan Davis,country,spotify:artist:77kULmXAQ6vWer7IIHdGzI,77kULmXAQ6vWer7IIHdGzI
Cody Johnson,country,spotify:artist:6zLBxLdl60ekBLpawtT63I,6zLBxLdl60ekBLpawtT63I
Josh Turner,country,spotify:artist:7vCtweS8UVAXTyau2j0rDT,7vCtweS8UVAXTyau2j0rDT
Lauren Alaina,country,spotify:artist:1v3tdpIdBSW14rHUfiEVOv,1v3tdpIdBSW14rHUfiEVOv
Morgan Wallen,country,spotify:artist:4oUHIQIBe0LHzYfvXNW4QM,4oUHIQIBe0LHzYfvXNW4QM
Brooks & Dunn,country,spotify:artist:0XKOBt59crntr7HQXXO8Yz,0XKOBt59crntr7HQXXO8Yz
Chase Rice,country,spotify:artist:6pBNfggcZZDCmb0p92OnGn,6pBNfggcZZDCmb0p92OnGn
Russell Dickerson,country,spotify:artist:1E2AEtxaFaJtH0lO7kgNKw,1E2AEtxaFaJtH0lO7kgNKw
LANCO,country,spotify:artist:2lRH2dgU5Kk4Bc5phmII4T,2lRH2dgU5Kk4Bc5phmII4T
Lady Antebellum,country,spotify:artist:32WkQRZEVKSzVAAYqukAEA,32WkQRZEVKSzVAAYqukAEA
Chris Lane,country,spotify:artist:68abRTdO4meYReMWHvBYb0,68abRTdO4meYReMWHvBYb0
Hunter Hayes,country,spotify:artist:7H6dkUChT5EoOQtUVMg4cN,7H6dkUChT5EoOQtUVMg4cN
"Hank Williams, Jr.",country,spotify:artist:2dyeCWctcFRt3Pha76ONgb,2dyeCWctcFRt3Pha76ONgb
Kip Moore,country,spotify:artist:2hJPr4lk7Q8SSvCVBl9fWM,2hJPr4lk7Q8SSvCVBl9fWM
Willie Nelson,country,spotify:artist:5W5bDNCqJ1jbCgTxDD0Cb3,5W5bDNCqJ1jbCgTxDD0Cb3
Little Big Town,country,spotify:artist:3CygdxquGHurS7f9LjNLkv,3CygdxquGHurS7f9LjNLkv
Dolly Parton,country,spotify:artist:32vWCbZh0xZ4o9gkz4PsEU,32vWCbZh0xZ4o9gkz4PsEU
Justin Moore,country,spotify:artist:30e8DmahrEamvLbFRPdWmk,30e8DmahrEamvLbFRPdWmk
Dixie Chicks,country,spotify:artist:25IG9fa7cbdmCIy3OnuH57,25IG9fa7cbdmCIy3OnuH57
Alabama,country,spotify:artist:6rJqqRce0Kvo2dJUXoHleC,6rJqqRce0Kvo2dJUXoHleC
Shania Twain,country,spotify:artist:5e4Dhzv426EvQe3aDb64jL,5e4Dhzv426EvQe3aDb64jL
Waylon Jennings,country,spotify:artist:7wCjDgV6nqBsHguQXPAaIM,7wCjDgV6nqBsHguQXPAaIM
Eli Young Band,country,spotify:artist:6eKWqnckwdIlSnjaYgIyxv,6eKWqnckwdIlSnjaYgIyxv
Craig Campbell,country,spotify:artist:7tkwiWhGKSuQV8LwPWceWN,7tkwiWhGKSuQV8LwPWceWN
Scotty McCreery,country,spotify:artist:6ZV6lGY0prbqpTD0Md8i29,6ZV6lGY0prbqpTD0Md8i29
Travis Tritt,country,spotify:artist:2M4Yt7oKGoYd0wqU44k4i2,2M4Yt7oKGoYd0wqU44k4i2
Faith Hill,country,spotify:artist:25NQNriVT2YbSW80ILRWJa,25NQNriVT2YbSW80ILRWJa
Sugarland,country,spotify:artist:0hYxQe3AK5jBPCr5MumLHD,0hYxQe3AK5jBPCr5MumLHD
Pistol Annies,country,spotify:artist:2wSgVsgLUZeDJwoLcPO7ny,2wSgVsgLUZeDJwoLcPO7ny
Mitchell Tenpenny,country,spotify:artist:1p6CdzJRoicjRcSdWoB9Qc,1p6CdzJRoicjRcSdWoB9Qc
Randy Travis,country,spotify:artist:1pTuR132U5b4Rizal2Pr7m,1pTuR132U5b4Rizal2Pr7m
Tracy Lawrence,country,spotify:artist:2BQVRw9md4UKcGUrDXABCD,2BQVRw9md4UKcGUrDXABCD
Walker Hayes,country,spotify:artist:7sKxqpSqbIzphAKAhrqvlf,7sKxqpSqbIzphAKAhrqvlf
Granger Smith,country,spotify:artist:4sTFGCigAQIUiEy8wSSQNF,4sTFGCigAQIUiEy8wSSQNF
Tyler Farr,country,spotify:artist:3vHV92ecrylnUHDM4d2MtC,3vHV92ecrylnUHDM4d2MtC
Randy Houser,country,spotify:artist:56x8mYvS3cyDGAi8N2FxbB,56x8mYvS3cyDGAi8N2FxbB
Dylan Scott,country,spotify:artist:78YqeIji3mgAS2K1Maca6x,78YqeIji3mgAS2K1Maca6x
Jimmie Allen,country,spotify:artist:147nKr9upHZSSxqCzh9j7c,147nKr9upHZSSxqCzh9j7c
Frankie Ballard,country,spotify:artist:0dvKgSdNB2U1gfp6ZcekYi,0dvKgSdNB2U1gfp6ZcekYi
Montgomery Gentry,country,spotify:artist:3bGXaFVQLASmDMdjjeJr8a,3bGXaFVQLASmDMdjjeJr8a
Craig Morgan,country,spotify:artist:6ktyNEnEukKzskQEiXgCFD,6ktyNEnEukKzskQEiXgCFD
Colt Ford,country,spotify:artist:0OpWIlokQeE7BNQMhuu2Nx,0OpWIlokQeE7BNQMhuu2Nx
Clay Walker,country,spotify:artist:4MPkNgar5uTd8Sqvrr7par,4MPkNgar5uTd8Sqvrr7par
Chris Janson,country,spotify:artist:60gmlHZmT16wiO9GiXKYK9,60gmlHZmT16wiO9GiXKYK9
Jamey Johnson,country,spotify:artist:5yhxqYI0JBwUKfXpSEjiM8,5yhxqYI0JBwUKfXpSEjiM8
Trace Adkins,country,spotify:artist:79FMDwzZQxHgSkIYBl3ODU,79FMDwzZQxHgSkIYBl3ODU
Reba McEntire,country,spotify:artist:02rd0anEWfMtF7iMku9uor,02rd0anEWfMtF7iMku9uor
Danielle Bradbery,country,spotify:artist:5iqStkZi6QmG8sgQZQrfGN,5iqStkZi6QmG8sgQZQrfGN
Gary Allan,country,spotify:artist:37W8SKV5Vc8lcGtdyWCA5m,37W8SKV5Vc8lcGtdyWCA5m
John Michael Montgomery,country,spotify:artist:7mPcfx7PhnBh6n4HMCd61A,7mPcfx7PhnBh6n4HMCd61A
Morgan Evans,country,spotify:artist:6fzQ81ouajOEFqCIB9VwrS,6fzQ81ouajOEFqCIB9VwrS
Turnpike Troubadours,country,spotify:artist:1YSA4byX5AL1zoTsSTlB03,1YSA4byX5AL1zoTsSTlB03
Devin Dawson,country,spotify:artist:2ySHS7UojGu20XfUPaBlyu,2ySHS7UojGu20XfUPaBlyu
The Lacs,country,spotify:artist:23OFz99wX0NDBBwrxthLWU,23OFz99wX0NDBBwrxthLWU
Lonestar,country,spotify:artist:3qbnxnvUqR14MJ9g8QwZJK,3qbnxnvUqR14MJ9g8QwZJK
Logan Mize,country,spotify:artist:7tje8UB3cuR1ZfeJx2U38T,7tje8UB3cuR1ZfeJx2U38T
George Jones,country,spotify:artist:2OpqcUtj10HHvGG6h9VYC5,2OpqcUtj10HHvGG6h9VYC5
Phil Vassar,country,spotify:artist:1XhhO2dTs2fKyhILj0aam6,1XhhO2dTs2fKyhILj0aam6
Frank Ocean,soul,spotify:artist:2h93pZq0e7k5yf4dywlkpM,2h93pZq0e7k5yf4dywlkpM
John Legend,soul,spotify:artist:5y2Xq6xcjJb2jVM54GHK3t,5y2Xq6xcjJb2jVM54GHK3t
Amy Winehouse,soul,spotify:artist:6Q192DXotxtaysaqNPy5yR,6Q192DXotxtaysaqNPy5yR
Marvin Gaye,soul,spotify:artist:3koiLjNrgRTNbOwViDipeA,3koiLjNrgRTNbOwViDipeA
Stevie Wonder,soul,spotify:artist:7guDJrEfX3qb6FEbdPA5qi,7guDJrEfX3qb6FEbdPA5qi
Aretha Franklin,soul,spotify:artist:7nwUJBm0HE4ZxD3f5cy5ok,7nwUJBm0HE4ZxD3f5cy5ok
Alicia Keys,soul,spotify:artist:3DiDSECUqqY1AuBP8qtaIa,3DiDSECUqqY1AuBP8qtaIa
Otis Redding,soul,spotify:artist:60df5JBRRPcnSpsIMxxwQm,60df5JBRRPcnSpsIMxxwQm
The Temptations,soul,spotify:artist:3RwQ26hR2tJtA8F9p2n7jG,3RwQ26hR2tJtA8F9p2n7jG
Whethan,soul,spotify:artist:0vqJkZ0RpLZixt3lTmD8vP,0vqJkZ0RpLZixt3lTmD8vP
Sade,soul,spotify:artist:47zz7sob9NUcODy0BTDvKx,47zz7sob9NUcODy0BTDvKx
Vory,soul,spotify:artist:0GeeIVcvGA8GSlWsoY1dkG,0GeeIVcvGA8GSlWsoY1dkG
"Earth, Wind & Fire",soul,spotify:artist:4QQgXkCYTt3BlENzhyNETg,4QQgXkCYTt3BlENzhyNETg
Bill Withers,soul,spotify:artist:1ThoqLcyIYvZn7iWbj8fsj,1ThoqLcyIYvZn7iWbj8fsj
Al Green,soul,spotify:artist:3dkbV4qihUeMsqN4vBGg93,3dkbV4qihUeMsqN4vBGg93
James Blake,soul,spotify:artist:53KwLdlmrlCelAZMaLVZqU,53KwLdlmrlCelAZMaLVZqU
GASHI,soul,spotify:artist:0JOxt5QOwq0czoJxvSc5hS,0JOxt5QOwq0czoJxvSc5hS
Still Woozy,soul,spotify:artist:4iMO20EPodreIaEl8qW66y,4iMO20EPodreIaEl8qW66y
Brent Faiyaz,soul,spotify:artist:3tlXnStJ1fFhdScmQeLpuG,3tlXnStJ1fFhdScmQeLpuG
The Isley Brothers,soul,spotify:artist:53QzNeFpzAaXYnrDBbDrIp,53QzNeFpzAaXYnrDBbDrIp
Rag'n'Bone Man,soul,spotify:artist:4f9iBmdUOhQWeP7dcAn1pf,4f9iBmdUOhQWeP7dcAn1pf
Majid Jordan,soul,spotify:artist:4HzKw8XcD0piJmDrrPRCYk,4HzKw8XcD0piJmDrrPRCYk
HONNE,soul,spotify:artist:0Vw76uk7P8yVtTClWyOhac,0Vw76uk7P8yVtTClWyOhac
Nao,soul,spotify:artist:7aFTOGFDEqDtJUCziLVsVC,7aFTOGFDEqDtJUCziLVsVC
Erykah Badu,soul,spotify:artist:7IfculRW2WXyzNQ8djX8WX,7IfculRW2WXyzNQ8djX8WX
Sam Cooke,soul,spotify:artist:6hnWRPzGGKiapVX1UCdEAC,6hnWRPzGGKiapVX1UCdEAC
Anna Of The North,soul,spotify:artist:1mSJCvDX0W7Dn7S9C6vmvI,1mSJCvDX0W7Dn7S9C6vmvI
24hrs,soul,spotify:artist:4isewEHTP7Az2QheDdBQ6J,4isewEHTP7Az2QheDdBQ6J
THEY.,soul,spotify:artist:0pghUohLPptZWBasy2wmUx,0pghUohLPptZWBasy2wmUx
Mura Masa,soul,spotify:artist:5Q81rlcTFh3k6DQJXPdsot,5Q81rlcTFh3k6DQJXPdsot
Mary J. Blige,soul,spotify:artist:1XkoF8ryArs86LZvFOkbyr,1XkoF8ryArs86LZvFOkbyr
Janelle Mone,soul,spotify:artist:6ueGR6SWhUJfvEhqkvMsVs,6ueGR6SWhUJfvEhqkvMsVs
Shallou,soul,spotify:artist:7C3Cbtr2PkH2l4tOGhtCsk,7C3Cbtr2PkH2l4tOGhtCsk
Sampha,soul,spotify:artist:2WoVwexZuODvclzULjPQtm,2WoVwexZuODvclzULjPQtm
Elohim,soul,spotify:artist:6wKxOKEA3K6R2UZ3COLXEY,6wKxOKEA3K6R2UZ3COLXEY
Roy Woods,soul,spotify:artist:7mDU6nMUJnOSY2Hkjz5oqM,7mDU6nMUJnOSY2Hkjz5oqM
Etta James,soul,spotify:artist:0iOVhN3tnSvgDbcg25JoJb,0iOVhN3tnSvgDbcg25JoJb
Nina Simone,soul,spotify:artist:7G1GBhoKtEPnP86X2PvEYO,7G1GBhoKtEPnP86X2PvEYO
Estelle,soul,spotify:artist:5T0MSzX9RC5NA6gAI6irSn,5T0MSzX9RC5NA6gAI6irSn
RKCB,soul,spotify:artist:4QDvXnbmw1znkqkK1119Fc,4QDvXnbmw1znkqkK1119Fc
Snoh Aalegra,soul,spotify:artist:1A9o3Ljt67pFZ89YtPPL5X,1A9o3Ljt67pFZ89YtPPL5X
Xavier Omr,soul,spotify:artist:3UjPnt2nRmw10N58bBeNOg,3UjPnt2nRmw10N58bBeNOg
Ray Charles,soul,spotify:artist:1eYhYunlNJlDoQhtYBvPsi,1eYhYunlNJlDoQhtYBvPsi
ayokay,soul,spotify:artist:4BzCdhJTyTS3gumq9xmymb,4BzCdhJTyTS3gumq9xmymb
Gnarls Barkley,soul,spotify:artist:5SbkVQYYzlw1kte75QIabH,5SbkVQYYzlw1kte75QIabH
Anthony Hamilton,soul,spotify:artist:2DzRMyWgjuMbYvt5BLbpCo,2DzRMyWgjuMbYvt5BLbpCo
Ms. Lauryn Hill,soul,spotify:artist:2Mu5NfyYm8n5iTomuKAEHl,2Mu5NfyYm8n5iTomuKAEHl
Janet Jackson,soul,spotify:artist:4qwGe91Bz9K2T8jXTZ815W,4qwGe91Bz9K2T8jXTZ815W
Ravyn Lenae,soul,spotify:artist:5RTLRtXjbXI2lSXc6jxlAz,5RTLRtXjbXI2lSXc6jxlAz
St. Paul & The Broken Bones,soul,spotify:artist:4fXkvh05wFhuH77MfD4m9o,4fXkvh05wFhuH77MfD4m9o
Galimatias,soul,spotify:artist:0tOrKkXIn3VYyVHFEPG6Xd,0tOrKkXIn3VYyVHFEPG6Xd
Jamie Foxx,soul,spotify:artist:7LnaAXbDVIL75IVPnndf7w,7LnaAXbDVIL75IVPnndf7w
Macy Gray,soul,spotify:artist:4ylR3zwA0zaapAu94fktwa,4ylR3zwA0zaapAu94fktwa
The Spinners,soul,spotify:artist:5fbhwqYYh4YwUoEs582mq5,5fbhwqYYh4YwUoEs582mq5
Luther Vandross,soul,spotify:artist:19y5MFBH7gohEdGwKM7QsP,19y5MFBH7gohEdGwKM7QsP
Dan Caplen,soul,spotify:artist:2U3FuHYvL3vhkbDAXm24Ep,2U3FuHYvL3vhkbDAXm24Ep
Kasbo,soul,spotify:artist:1ikID9RZZMvkuBGDWrqajq,1ikID9RZZMvkuBGDWrqajq
James Brown,soul,spotify:artist:7GaxyUddsPok8BuhxN6OUW,7GaxyUddsPok8BuhxN6OUW
Mavis Staples,soul,spotify:artist:0cTSCsVx04SSht9V6cpKN0,0cTSCsVx04SSht9V6cpKN0
88GLAM,soul,spotify:artist:2I9SLklAOG0vdMiUUMNxRl,2I9SLklAOG0vdMiUUMNxRl
Elliott Trent,soul,spotify:artist:4U6sGpoCZvYkwmwB3VtRTW,4U6sGpoCZvYkwmwB3VtRTW
Tobi Lou,soul,spotify:artist:4T8NIfZmVY6TJFqVzN6X49,4T8NIfZmVY6TJFqVzN6X49
Commodores,soul,spotify:artist:6twIAGnYuIT1pncMAsXnEm,6twIAGnYuIT1pncMAsXnEm
ODIE